date,noftrades,price,unix,vol,assetvol
2022-08-20T09:00:00.000Z,3491,0.4595,1660986000,1761664.10644,3844121
2022-08-20T08:00:00.000Z,1427,0.4603,1660982400,725375.56145,1574054.9
2022-08-20T07:00:00.000Z,7348,0.4612,1660978800,4021630.45931,8713801.3
2022-08-20T06:00:00.000Z,7048,0.4626,1660975200,4074502.96183,8851714.4
2022-08-20T05:00:00.000Z,7037,0.4575,1660971600,3915609.99078,8528256.7
2022-08-20T04:00:00.000Z,8269,0.4622,1660968000,4865553.52597,10593169.5
2022-08-20T03:00:00.000Z,6360,0.4589,1660964400,3401209.51732,7418181.1
2022-08-20T02:00:00.000Z,7403,0.4593,1660960800,4006843.43793,8738431.8
2022-08-20T01:00:00.000Z,6890,0.4552,1660957200,4042489.64913,8872873.4
2022-08-20T00:00:00.000Z,14048,0.453,1660953600,7862242.94373,17303484.9
2022-08-19T23:00:00.000Z,15168,0.45,1660950000,8212670.07849,18217563.3
2022-08-19T22:00:00.000Z,11426,0.4539,1660946400,5785782.9266,12741169.6
2022-08-19T21:00:00.000Z,14220,0.4524,1660942800,7264551.63781,15967148.8
2022-08-19T20:00:00.000Z,8110,0.4598,1660939200,4023565.11173,8724164
2022-08-19T19:00:00.000Z,8831,0.4649,1660935600,4386518.16536,9404556.7
2022-08-19T18:00:00.000Z,3422,0.4647,1660932000,1403035.50867,3010832.4
2022-08-19T17:00:00.000Z,6571,0.4683,1660928400,3224127.9896,6852270.1
2022-08-19T16:00:00.000Z,10340,0.4737,1660924800,4402459.8899,9362952.6
2022-08-19T15:00:00.000Z,2764,0.4647,1660921200,1188747.02179,2555956.8
2022-08-19T14:00:00.000Z,4282,0.4681,1660917600,1780790.8866,3820370.4
2022-08-19T13:00:00.000Z,7296,0.4644,1660914000,3707252.86821,7952466.2
2022-08-19T12:00:00.000Z,14371,0.4661,1660910400,6795385.80096,14674038.5
2022-08-19T11:00:00.000Z,19381,0.4651,1660906800,9189026.75837,19850196.2
2022-08-19T10:00:00.000Z,7693,0.4673,1660903200,3952561.08715,8427138.3
2022-08-19T09:00:00.000Z,8770,0.4701,1660899600,4857567.85133,10403841.1
2022-08-19T08:00:00.000Z,13079,0.4712,1660896000,6909453.07232,14654810.6
2022-08-19T07:00:00.000Z,17363,0.4737,1660892400,8137969.20327,17209560.3
2022-08-19T06:00:00.000Z,1797,0.494,1660888800,924499.77697,1869855.3
2022-08-19T05:00:00.000Z,6297,0.4951,1660885200,2500424.397,5054097
2022-08-19T04:00:00.000Z,8251,0.4941,1660881600,4043993.8078,8206954.5
2022-08-19T03:00:00.000Z,7357,0.4929,1660878000,3940723.69106,7986920.6
2022-08-19T02:00:00.000Z,8803,0.4933,1660874400,4798573.7965,9703447.5
2022-08-19T01:00:00.000Z,19447,0.4945,1660870800,8764988.58223,17632477.9
2022-08-19T00:00:00.000Z,19325,0.5033,1660867200,11420478.60615,22548895.7
2022-08-18T23:00:00.000Z,32698,0.5119,1660863600,14138056.88727,27480301.8
2022-08-18T22:00:00.000Z,5033,0.5267,1660860000,2468686.92962,4670683.3
2022-08-18T21:00:00.000Z,3340,0.5307,1660856400,1160451.02692,2187090.3
2022-08-18T20:00:00.000Z,4490,0.5312,1660852800,2073180.94417,3917042
2022-08-18T19:00:00.000Z,4748,0.529,1660849200,2151928.57694,4062596.4
2022-08-18T18:00:00.000Z,1425,0.5288,1660845600,611847.03276,1158205.2
2022-08-18T17:00:00.000Z,6764,0.5271,1660842000,3500044.66424,6598004.7
2022-08-18T16:00:00.000Z,10115,0.5278,1660838400,4595309.38626,8662311.2
2022-08-18T15:00:00.000Z,3669,0.5377,1660834800,1704714.21224,3175874.6
2022-08-18T14:00:00.000Z,5147,0.5361,1660831200,2452278.46055,4569855.8
2022-08-18T13:00:00.000Z,7038,0.5359,1660827600,3190165.29115,5924613.8
2022-08-18T12:00:00.000Z,9091,0.5423,1660824000,4314894.6211,7959655.6
2022-08-18T11:00:00.000Z,337,0.5406,1660820400,162939.41691,301661.1
2022-08-18T10:00:00.000Z,5199,0.5398,1660816800,2800125.89144,5175162.4
2022-08-18T09:00:00.000Z,3757,0.5392,1660813200,1920661.80452,3565699.7
2022-08-18T08:00:00.000Z,4357,0.5402,1660809600,2073431.30943,3850827.5
2022-08-18T07:00:00.000Z,3573,0.5394,1660806000,1748617.29089,3247558.6
2022-08-18T06:00:00.000Z,3425,0.5356,1660802400,1887868.3668,3512196.8
2022-08-18T05:00:00.000Z,4082,0.5379,1660798800,2362152.34976,4383470.8
2022-08-18T04:00:00.000Z,3774,0.5352,1660795200,1963972.53881,3665462.4
2022-08-18T03:00:00.000Z,3397,0.5371,1660791600,1358492.0188,2527648.8
2022-08-18T02:00:00.000Z,3658,0.5371,1660788000,1530710.32791,2842712
2022-08-18T01:00:00.000Z,4142,0.5402,1660784400,1832942.40567,3393765.3
2022-08-18T00:00:00.000Z,9222,0.5401,1660780800,3725030.89429,6923969.6
2022-08-17T23:00:00.000Z,4925,0.5384,1660777200,2106737.08684,3941687.8
2022-08-17T22:00:00.000Z,4598,0.5342,1660773600,1904157.80469,3553466.1
2022-08-17T21:00:00.000Z,5379,0.5372,1660770000,2143298.57322,3992653.5
2022-08-17T20:00:00.000Z,5337,0.5415,1660766400,2286654.79324,4237521.3
2022-08-17T19:00:00.000Z,5733,0.5379,1660762800,2660320.10096,4944930.7
2022-08-17T18:00:00.000Z,13694,0.5406,1660759200,5843477.72876,10819561.5
2022-08-17T17:00:00.000Z,7118,0.5398,1660755600,3006326.70948,5583767.1
2022-08-17T16:00:00.000Z,10451,0.5391,1660752000,3947418.46794,7341910.8
2022-08-17T15:00:00.000Z,7089,0.535,1660748400,3242271.94421,6060615.5
2022-08-17T14:00:00.000Z,7780,0.5342,1660744800,3460384.72906,6476143.2
2022-08-17T13:00:00.000Z,24904,0.5347,1660741200,12774424.09276,23797445.7
2022-08-17T12:00:00.000Z,23085,0.5433,1660737600,10021115.02221,18358736.8
2022-08-17T11:00:00.000Z,6458,0.5552,1660734000,3724253.4117,6716117.9
2022-08-17T10:00:00.000Z,12801,0.5532,1660730400,6878197.49155,12421845.5
2022-08-17T09:00:00.000Z,7247,0.56,1660726800,2477587.17569,4430055.6
2022-08-17T08:00:00.000Z,14147,0.5571,1660723200,6246974.54752,11206306.3
2022-08-17T07:00:00.000Z,21549,0.5565,1660719600,11445098.01,20299352.4
2022-08-17T06:00:00.000Z,11707,0.5741,1660716000,6297440.66404,10903669.1
2022-08-17T05:00:00.000Z,9508,0.5772,1660712400,6770534.41369,11735378.4
2022-08-17T04:00:00.000Z,17495,0.573,1660708800,8789563.08343,15230095.6
2022-08-17T03:00:00.000Z,29571,0.5776,1660705200,11326198.47317,19771168.6
2022-08-17T02:00:00.000Z,8301,0.5638,1660701600,4093765.92483,7329452.4
2022-08-17T01:00:00.000Z,5531,0.5562,1660698000,2696033.85387,4823218
2022-08-17T00:00:00.000Z,7375,0.5601,1660694400,3576603.59934,6395349.6
2022-08-16T23:00:00.000Z,4864,0.557,1660690800,2340094.64221,4191473.6
2022-08-16T22:00:00.000Z,5300,0.5591,1660687200,2055316.15144,3673849
2022-08-16T21:00:00.000Z,5155,0.5621,1660683600,1776996.68277,3150604.2
2022-08-16T20:00:00.000Z,8340,0.5668,1660680000,4709786.52555,8334845.4
2022-08-16T19:00:00.000Z,4938,0.561,1660676400,1763494.37517,3146668
2022-08-16T18:00:00.000Z,12251,0.5591,1660672800,4940096.71546,8808040.5
2022-08-16T17:00:00.000Z,5330,0.5619,1660669200,2624819.70572,4688927.5
2022-08-16T16:00:00.000Z,6543,0.5583,1660665600,3189358.68642,5724197.7
2022-08-16T15:00:00.000Z,6754,0.56,1660662000,3595458.10319,6440258.6
2022-08-16T14:00:00.000Z,10350,0.5545,1660658400,4808128.9056,8694408.8
2022-08-16T13:00:00.000Z,2964,0.557,1660654800,1254754.04309,2254841.9
2022-08-16T12:00:00.000Z,9922,0.5568,1660651200,5079673.71968,9049597.2
2022-08-16T11:00:00.000Z,12560,0.5663,1660647600,5871651.25306,10354827.2
2022-08-16T10:00:00.000Z,6626,0.5627,1660644000,3925582.10446,6941858.4
2022-08-16T09:00:00.000Z,11029,0.5668,1660640400,6028513.27626,10641126.6
2022-08-16T08:00:00.000Z,8042,0.5603,1660636800,3299133.8902,5914589.8
2022-08-16T07:00:00.000Z,4541,0.5566,1660633200,1814891.74542,3273751.8
2022-08-16T06:00:00.000Z,3215,0.5532,1660629600,1357999.68135,2455033.8
2022-08-16T05:00:00.000Z,5139,0.5512,1660626000,1957567.24092,3558650.8
2022-08-16T04:00:00.000Z,3917,0.5525,1660622400,1648759.92117,2972647.6
2022-08-16T03:00:00.000Z,7658,0.5555,1660618800,3603799.82479,6502960.8
2022-08-16T02:00:00.000Z,4167,0.5571,1660615200,1895010.39003,3389341
2022-08-16T01:00:00.000Z,11390,0.5599,1660611600,4561673.29761,8132767.3
2022-08-16T00:00:00.000Z,6515,0.5544,1660608000,3175706.66645,5765613.3
2022-08-15T23:00:00.000Z,11174,0.5499,1660604400,5873669.55753,10720311.7
2022-08-15T22:00:00.000Z,6023,0.5471,1660600800,3369867.37622,6115244.5
2022-08-15T21:00:00.000Z,3791,0.5523,1660597200,1919472.08504,3461602.9
2022-08-15T20:00:00.000Z,3678,0.5556,1660593600,1725438.34304,3105751.2
2022-08-15T19:00:00.000Z,8967,0.5544,1660590000,5029494.89024,9047890.8
2022-08-15T18:00:00.000Z,4900,0.559,1660586400,1690004.01971,3021382.7
2022-08-15T17:00:00.000Z,4384,0.5603,1660582800,2253108.76123,4006372.7
2022-08-15T16:00:00.000Z,4361,0.5646,1660579200,1900781.42285,3362102.1
2022-08-15T15:00:00.000Z,1070,0.5583,1660575600,441541.51628,789988.2
2022-08-15T14:00:00.000Z,8150,0.5592,1660572000,3700695.06291,6600895.4
2022-08-15T13:00:00.000Z,9755,0.5612,1660568400,3690606.97685,6616816.2
2022-08-15T12:00:00.000Z,3778,0.5573,1660564800,1400935.73663,2518215.8
2022-08-15T11:00:00.000Z,8490,0.555,1660561200,4414222.76026,7917251.3
2022-08-15T10:00:00.000Z,14716,0.5572,1660557600,7080020.96279,12732044.2
2022-08-15T09:00:00.000Z,9251,0.5542,1660554000,4523863.31337,8190128.8
2022-08-15T08:00:00.000Z,7268,0.5504,1660550400,5046092.48194,9194695.5
2022-08-15T07:00:00.000Z,11274,0.5492,1660546800,5133835.84999,9298866
2022-08-15T06:00:00.000Z,17130,0.5559,1660543200,9657485.38684,17249690.9
2022-08-15T05:00:00.000Z,7796,0.569,1660539600,3191916.67661,5579134.4
2022-08-15T04:00:00.000Z,5827,0.5734,1660536000,2605206.11919,4544956.7
2022-08-15T03:00:00.000Z,13597,0.5751,1660532400,6191572.84663,10717590.5
2022-08-15T02:00:00.000Z,9211,0.5789,1660528800,4463169.93291,7726904.9
2022-08-15T01:00:00.000Z,6201,0.5756,1660525200,3022339.27021,5268705.7
2022-08-15T00:00:00.000Z,8543,0.575,1660521600,4335500.13336,7607883.7
2022-08-14T23:00:00.000Z,6022,0.5695,1660518000,3335361.66953,5844083.3
2022-08-14T22:00:00.000Z,7748,0.57,1660514400,3207849.89834,5645648.3
2022-08-14T21:00:00.000Z,4986,0.5705,1660510800,2617972.33293,4593271.1
2022-08-14T20:00:00.000Z,3284,0.5685,1660507200,1606559.60126,2828731.3
2022-08-14T19:00:00.000Z,4610,0.568,1660503600,2949278.89571,5196736.2
2022-08-14T18:00:00.000Z,5056,0.567,1660500000,2169460.3913,3834314.5
2022-08-14T17:00:00.000Z,9060,0.5667,1660496400,4569388.41218,8081792.4
2022-08-14T16:00:00.000Z,5787,0.576,1660492800,3520333.81891,6091278.9
2022-08-14T15:00:00.000Z,3902,0.5755,1660489200,1578953.17198,2743870.7
2022-08-14T14:00:00.000Z,4347,0.5768,1660485600,2062968.79224,3583617.5
2022-08-14T13:00:00.000Z,15581,0.5753,1660482000,5325170.70511,9244112.8
2022-08-14T12:00:00.000Z,10893,0.5817,1660478400,6944485.17955,11974571
2022-08-14T11:00:00.000Z,7996,0.581,1660474800,3839611.74258,6595810.2
2022-08-14T10:00:00.000Z,7696,0.5837,1660471200,3640196.1715,6219287
2022-08-14T09:00:00.000Z,3722,0.5896,1660467600,2244921.75816,3804953.5
2022-08-14T08:00:00.000Z,7221,0.5874,1660464000,3589698.28358,6124339.4
2022-08-14T07:00:00.000Z,11072,0.5876,1660460400,6023128.38555,10243723.3
2022-08-14T06:00:00.000Z,12127,0.5854,1660456800,6837115.83278,11671858.1
2022-08-14T05:00:00.000Z,8266,0.5871,1660453200,4046071.10473,6889316.5
2022-08-14T04:00:00.000Z,14384,0.5884,1660449600,8136496.36751,13819487.4
2022-08-14T03:00:00.000Z,15166,0.5905,1660446000,7415100.81022,12518099.5
2022-08-14T02:00:00.000Z,23450,0.5905,1660442400,8690985.73818,14739135.8
2022-08-14T01:00:00.000Z,20017,0.5847,1660438800,9721100.90024,16675377.2
2022-08-14T00:00:00.000Z,48791,0.5812,1660435200,21516690.56344,37454910
2022-08-13T23:00:00.000Z,5574,0.5593,1660431600,3019135.32797,5391732.3
2022-08-13T22:00:00.000Z,5099,0.5589,1660428000,2025915.02859,3605739.9
2022-08-13T21:00:00.000Z,6531,0.5615,1660424400,2961508.29373,5256513
2022-08-13T20:00:00.000Z,5905,0.5619,1660420800,2846740.89598,5082788.1
2022-08-13T19:00:00.000Z,7174,0.5571,1660417200,2733116.72371,4902784.4
2022-08-13T18:00:00.000Z,8731,0.5561,1660413600,3922801.18799,7062589.7
2022-08-13T17:00:00.000Z,6917,0.5586,1660410000,3498920.60057,6281149.8
2022-08-13T16:00:00.000Z,2185,0.5589,1660406400,1141911.89115,2042536.6
2022-08-13T15:00:00.000Z,7412,0.56,1660402800,4019080.03831,7145941.3
2022-08-13T14:00:00.000Z,3784,0.5641,1660399200,2003297.96709,3561518.3
2022-08-13T13:00:00.000Z,9563,0.5604,1660395600,4283183.41644,7646037.9
2022-08-13T12:00:00.000Z,8678,0.5582,1660392000,3145678.55849,5652870.2
2022-08-13T11:00:00.000Z,10941,0.5588,1660388400,6254233.15957,11178365.8
2022-08-13T10:00:00.000Z,2653,0.5569,1660384800,1326912.594,2379008.1
2022-08-13T09:00:00.000Z,5873,0.5581,1660381200,2679981.14518,4815187.3
2022-08-13T08:00:00.000Z,10173,0.5569,1660377600,5230761.03669,9343073.9
2022-08-13T07:00:00.000Z,15546,0.5615,1660374000,5927074.66578,10515530.7
2022-08-13T06:00:00.000Z,42447,0.5602,1660370400,15213705.85676,27205554.1
2022-08-13T05:00:00.000Z,14354,0.553,1660366800,6352273.57422,11607709.1
2022-08-13T04:00:00.000Z,4600,0.542,1660363200,2209710.1502,4072565.6
2022-08-13T03:00:00.000Z,7813,0.5435,1660359600,3842042.38237,7083057.9
2022-08-13T02:00:00.000Z,3768,0.542,1660356000,2002499.08349,3709178.9
2022-08-13T01:00:00.000Z,4856,0.5393,1660352400,2581076.37417,4782805.7
2022-08-13T00:00:00.000Z,4623,0.541,1660348800,2940385.35827,5450500.3
2022-08-12T23:00:00.000Z,7059,0.5402,1660345200,3050663.71912,5645764.8
2022-08-12T22:00:00.000Z,3219,0.5393,1660341600,1446758.5658,2696312.7
2022-08-12T21:00:00.000Z,2535,0.5365,1660338000,1177457.6522,2194932.8
2022-08-12T20:00:00.000Z,5554,0.5388,1660334400,2663725.72848,4953356.1
2022-08-12T19:00:00.000Z,912,0.5362,1660330800,507920.69646,948176.3
2022-08-12T18:00:00.000Z,5183,0.5347,1660327200,2618324.23649,4912323.1
2022-08-12T17:00:00.000Z,2331,0.5307,1660323600,1207456.27792,2276146.4
2022-08-12T16:00:00.000Z,3928,0.5302,1660320000,1730698.65669,3256579.9
2022-08-12T15:00:00.000Z,2779,0.532,1660316400,1451427.30778,2734305.1
2022-08-12T14:00:00.000Z,4397,0.5301,1660312800,2108195.78174,3988244.8
2022-08-12T13:00:00.000Z,1621,0.5281,1660309200,682020.38553,1292402.8
2022-08-12T12:00:00.000Z,4482,0.5268,1660305600,1894327.17084,3608193.8
2022-08-12T11:00:00.000Z,8358,0.5232,1660302000,3874721.91296,7398248.9
2022-08-12T10:00:00.000Z,7636,0.5255,1660298400,4204130.34478,7933351
2022-08-12T09:00:00.000Z,5589,0.5336,1660294800,2469469.84471,4613009.9
2022-08-12T08:00:00.000Z,3087,0.5345,1660291200,1578561.30873,2955685.4
2022-08-12T07:00:00.000Z,3102,0.5312,1660287600,1620204.83117,3055393.4
2022-08-12T06:00:00.000Z,3349,0.5291,1660284000,1688240.02208,3193646.1
2022-08-12T05:00:00.000Z,2746,0.5288,1660280400,1546407.16137,2919036.8
2022-08-12T04:00:00.000Z,3940,0.5287,1660276800,2082080.88472,3923377
2022-08-12T03:00:00.000Z,2880,0.5318,1660273200,1185904.84998,2230451.3
2022-08-12T02:00:00.000Z,5340,0.5328,1660269600,2235458.66921,4220849.2
2022-08-12T01:00:00.000Z,3657,0.5278,1660266000,1707002.79801,3228388.5
2022-08-12T00:00:00.000Z,10382,0.5296,1660262400,4202135.77073,7978440.9
2022-08-11T23:00:00.000Z,5702,0.5303,1660258800,2814671.43601,5308277.3
2022-08-11T22:00:00.000Z,4400,0.5306,1660255200,2136461.8732,4013501
2022-08-11T21:00:00.000Z,3264,0.5344,1660251600,1620106.55248,3032478.4
2022-08-11T20:00:00.000Z,3832,0.5347,1660248000,1607835.11782,3013740.8
2022-08-11T19:00:00.000Z,4235,0.5352,1660244400,1681533.28268,3151926.1
2022-08-11T18:00:00.000Z,4221,0.5319,1660240800,1777778.55746,3329259.5
2022-08-11T17:00:00.000Z,2976,0.5411,1660237200,1560071.95079,2890533
2022-08-11T16:00:00.000Z,4274,0.5374,1660233600,1949649.708,3629872.9
2022-08-11T15:00:00.000Z,8887,0.5357,1660230000,4212073.19385,7824389.1
2022-08-11T14:00:00.000Z,12452,0.5411,1660226400,5580010.98026,10283272.7
2022-08-11T13:00:00.000Z,8203,0.5421,1660222800,3564124.38466,6590838.8
2022-08-11T12:00:00.000Z,13721,0.5436,1660219200,6107187.37681,11275194.9
2022-08-11T11:00:00.000Z,5312,0.5379,1660215600,2491541.88652,4634987
2022-08-11T10:00:00.000Z,3815,0.5351,1660212000,1851362.25248,3458266
2022-08-11T09:00:00.000Z,1156,0.5371,1660208400,533597.58723,991764.1
2022-08-11T08:00:00.000Z,10914,0.5385,1660204800,6321957.07735,11780457.2
2022-08-11T07:00:00.000Z,9682,0.5387,1660201200,4509645.8316,8311888.1
2022-08-11T06:00:00.000Z,5210,0.5448,1660197600,2552559.09674,4692017.9
2022-08-11T05:00:00.000Z,5435,0.5428,1660194000,2561381.08943,4710306.7
2022-08-11T04:00:00.000Z,4569,0.5449,1660190400,2502425.35831,4599608.9
2022-08-11T03:00:00.000Z,10410,0.544,1660186800,5949169.89466,10958938.5
2022-08-11T02:00:00.000Z,7475,0.5396,1660183200,3090122.11595,5721204.6
2022-08-11T01:00:00.000Z,11441,0.5433,1660179600,5961932.41397,10971442.4
2022-08-11T00:00:00.000Z,15133,0.5451,1660176000,6505124.4102,11989810
2022-08-10T23:00:00.000Z,2176,0.5374,1660172400,1261238.77354,2351540.8
2022-08-10T22:00:00.000Z,3675,0.5352,1660168800,1879794.96216,3508178.6
2022-08-10T21:00:00.000Z,5959,0.5361,1660165200,3285007.45185,6149815
2022-08-10T20:00:00.000Z,4456,0.5349,1660161600,2132286.52712,4007490.5
2022-08-10T19:00:00.000Z,4154,0.5292,1660158000,2084497.57238,3940835.2
2022-08-10T18:00:00.000Z,6432,0.5298,1660154400,2710680.18578,5101578
2022-08-10T17:00:00.000Z,5008,0.534,1660150800,2117279.45709,3968122.8
2022-08-10T16:00:00.000Z,8714,0.534,1660147200,4287543.35809,8014874.6
2022-08-10T15:00:00.000Z,9031,0.5347,1660143600,3932959.37419,7339426.1
2022-08-10T14:00:00.000Z,852,0.5362,1660140000,330729.06918,616761.9
2022-08-10T13:00:00.000Z,21133,0.5352,1660136400,10408884.67244,19473253.7
2022-08-10T12:00:00.000Z,42612,0.5338,1660132800,20170934.22394,38305345.6
2022-08-10T11:00:00.000Z,5821,0.5134,1660129200,2269306.8663,4430166.6
2022-08-10T10:00:00.000Z,3917,0.5113,1660125600,1506505.10573,2951249.6
2022-08-10T09:00:00.000Z,2834,0.5116,1660122000,1207917.32147,2359591.3
2022-08-10T08:00:00.000Z,2788,0.5116,1660118400,1522254.98046,2978249.8
2022-08-10T07:00:00.000Z,2768,0.5115,1660114800,1327323.84429,2594452.6
2022-08-10T06:00:00.000Z,1394,0.5083,1660111200,450358.16006,886007.9
2022-08-10T05:00:00.000Z,2621,0.5098,1660107600,1078640.30308,2116448
2022-08-10T04:00:00.000Z,3374,0.5096,1660104000,1800724.62579,3538097.5
2022-08-10T03:00:00.000Z,3043,0.5069,1660100400,1288794.89623,2535374.7
2022-08-10T02:00:00.000Z,4936,0.5084,1660096800,2079497.08212,4103253
2022-08-10T01:00:00.000Z,5031,0.5101,1660093200,2231787.93946,4381057.3
2022-08-10T00:00:00.000Z,12806,0.5058,1660089600,6017894.33441,11882772.9
2022-08-09T23:00:00.000Z,3002,0.5129,1660086000,1450613.12023,2820815.2
2022-08-09T22:00:00.000Z,4633,0.5146,1660082400,2103113.07431,4078821.3
2022-08-09T21:00:00.000Z,4655,0.5149,1660078800,2103476.78786,4086676.5
2022-08-09T20:00:00.000Z,3220,0.5138,1660075200,1496684.94179,2918027.8
2022-08-09T19:00:00.000Z,2920,0.5112,1660071600,1174453.23314,2295017.5
2022-08-09T18:00:00.000Z,1629,0.5113,1660068000,622808.73766,1217316.8
2022-08-09T17:00:00.000Z,1483,0.5125,1660064400,752043.4529,1468810
2022-08-09T16:00:00.000Z,4620,0.5119,1660060800,2354513.59116,4607898.6
2022-08-09T15:00:00.000Z,6378,0.5102,1660057200,2664821.88723,5210162
2022-08-09T14:00:00.000Z,21922,0.5111,1660053600,9300661.78859,18240480.2
2022-08-09T13:00:00.000Z,10988,0.5154,1660050000,4238308.44902,8163080.8
2022-08-09T12:00:00.000Z,3973,0.5213,1660046400,2214422.21687,4262188.4
2022-08-09T11:00:00.000Z,3035,0.5209,1660042800,1538949.87633,2956337.3
2022-08-09T10:00:00.000Z,7964,0.5202,1660039200,3773792.1775,7233524
2022-08-09T09:00:00.000Z,7106,0.5263,1660035600,3882302.41948,7344862.1
2022-08-09T08:00:00.000Z,1711,0.5323,1660032000,980427.43034,1836692.1
2022-08-09T07:00:00.000Z,2510,0.5348,1660028400,1137342.21033,2127025.8
2022-08-09T06:00:00.000Z,4610,0.5337,1660024800,2576183.31791,4835680.6
2022-08-09T05:00:00.000Z,5378,0.5348,1660021200,2831818.03867,5286533
2022-08-09T04:00:00.000Z,3954,0.537,1660017600,1855408.81764,3463739.5
2022-08-09T03:00:00.000Z,3103,0.5336,1660014000,1471228.32941,2762333.8
2022-08-09T02:00:00.000Z,3759,0.5314,1660010400,2032745.95549,3835775.3
2022-08-09T01:00:00.000Z,11844,0.5299,1660006800,6982671.28856,13180415.4
2022-08-09T00:00:00.000Z,4143,0.5333,1660003200,1442441.41869,2695365.7
2022-08-08T23:00:00.000Z,5491,0.5371,1659999600,2620797.47358,4887724.9
2022-08-08T22:00:00.000Z,7644,0.5359,1659996000,4085928.20591,7652307.3
2022-08-08T21:00:00.000Z,5724,0.5348,1659992400,2258232.17468,4212644.3
2022-08-08T20:00:00.000Z,6847,0.5408,1659988800,3384583.59398,6292976.8
2022-08-08T19:00:00.000Z,4105,0.5345,1659985200,1527203.65808,2863830
2022-08-08T18:00:00.000Z,1525,0.533,1659981600,535040.27481,1004837.8
2022-08-08T17:00:00.000Z,4175,0.5343,1659978000,2011303.87592,3771012.5
2022-08-08T16:00:00.000Z,8109,0.5333,1659974400,3990293.24456,7495023.7
2022-08-08T15:00:00.000Z,12336,0.5341,1659970800,5546094.29652,10348975
2022-08-08T14:00:00.000Z,5596,0.5394,1659967200,2746781.26019,5076890.4
2022-08-08T13:00:00.000Z,6966,0.5437,1659963600,3908078.23609,7193369.8
2022-08-08T12:00:00.000Z,9078,0.5436,1659960000,5229694.68756,9613100.7
2022-08-08T11:00:00.000Z,2472,0.5435,1659956400,1345320.62322,2477251.9
2022-08-08T10:00:00.000Z,3822,0.5434,1659952800,1754014.33888,3230031.3
2022-08-08T09:00:00.000Z,3348,0.5461,1659949200,2165639.36469,3960363.7
2022-08-08T08:00:00.000Z,15603,0.5485,1659945600,7863517.86885,14435076.5
2022-08-08T07:00:00.000Z,7339,0.5401,1659942000,3357953.28087,6218315.9
2022-08-08T06:00:00.000Z,14297,0.5425,1659938400,6105726.97421,11269086.2
2022-08-08T05:00:00.000Z,8751,0.5383,1659934800,3930091.09159,7331382.7
2022-08-08T04:00:00.000Z,3991,0.532,1659931200,1957415.47375,3676622.6
2022-08-08T03:00:00.000Z,4946,0.5328,1659927600,2276670.74945,4283670.8
2022-08-08T02:00:00.000Z,5810,0.5307,1659924000,2782298.80291,5259931.7
2022-08-08T01:00:00.000Z,6472,0.5253,1659920400,3402064.59758,6479158.5
2022-08-08T00:00:00.000Z,6626,0.5274,1659916800,2408164.58264,4557477.9
2022-08-07T23:00:00.000Z,7107,0.5276,1659913200,2830037.2805,5367809.2
2022-08-07T22:00:00.000Z,12207,0.5297,1659909600,5446233.9534,10228321.3
2022-08-07T21:00:00.000Z,17812,0.536,1659906000,8918374.48849,16668533.8
2022-08-07T20:00:00.000Z,17399,0.5325,1659902400,8041643.33354,15247967.8
2022-08-07T19:00:00.000Z,2710,0.5202,1659898800,1156731.25325,2222271.2
2022-08-07T18:00:00.000Z,3739,0.5205,1659895200,1568520.22851,3011750.3
2022-08-07T17:00:00.000Z,5322,0.5202,1659891600,3078892.70603,5915361.7
2022-08-07T16:00:00.000Z,3893,0.5196,1659888000,1811932.15346,3486514.4
2022-08-07T15:00:00.000Z,3207,0.5185,1659884400,1519605.58031,2925776.3
2022-08-07T14:00:00.000Z,5436,0.52,1659880800,1771822.17128,3412534.9
2022-08-07T13:00:00.000Z,6552,0.519,1659877200,2701424.97132,5195550.4
2022-08-07T12:00:00.000Z,5046,0.5196,1659873600,2218914.01594,4280385.5
2022-08-07T11:00:00.000Z,2221,0.5169,1659870000,826453.63158,1600810.6
2022-08-07T10:00:00.000Z,2364,0.5169,1659866400,1008566.65049,1952894.4
2022-08-07T09:00:00.000Z,3323,0.5162,1659862800,1321744.07567,2563046.3
2022-08-07T08:00:00.000Z,3532,0.5159,1659859200,1416942.66008,2744519.7
2022-08-07T07:00:00.000Z,2373,0.5167,1659855600,955331.1317,1848695.1
2022-08-07T06:00:00.000Z,3088,0.5168,1659852000,1297739.84165,2509238.1
2022-08-07T05:00:00.000Z,4293,0.5157,1659848400,1708130.10271,3313470.6
2022-08-07T04:00:00.000Z,2663,0.513,1659844800,1168276.44233,2277922.5
2022-08-07T03:00:00.000Z,2056,0.5117,1659841200,929592.36964,1816045.5
2022-08-07T02:00:00.000Z,2559,0.5127,1659837600,1043569.52496,2043510.2
2022-08-07T01:00:00.000Z,5326,0.5095,1659834000,2793899.64991,5495643.8
2022-08-07T00:00:00.000Z,5474,0.5078,1659830400,2501545.4134,4897662.2
2022-08-06T23:00:00.000Z,6412,0.5112,1659826800,2832365.82882,5531400.5
2022-08-06T22:00:00.000Z,2665,0.5158,1659823200,1380397.38941,2672918.5
2022-08-06T21:00:00.000Z,1592,0.5177,1659819600,610873.46214,1181303.9
2022-08-06T20:00:00.000Z,2649,0.5165,1659816000,1289181.3626,2499884.8
2022-08-06T19:00:00.000Z,2226,0.5174,1659812400,1013896.16806,1960948.1
2022-08-06T18:00:00.000Z,2975,0.5171,1659808800,1149814.35341,2227125.1
2022-08-06T17:00:00.000Z,10237,0.5154,1659805200,4580814.57306,8899256.6
2022-08-06T16:00:00.000Z,3757,0.5164,1659801600,1873168.38385,3608772.9
2022-08-06T15:00:00.000Z,3917,0.5179,1659798000,2143522.50466,4131698
2022-08-06T14:00:00.000Z,2825,0.5194,1659794400,1141308.83303,2203551.8
2022-08-06T13:00:00.000Z,3073,0.5164,1659790800,1405900.90313,2717166.1
2022-08-06T12:00:00.000Z,2779,0.5159,1659787200,1295125.9765,2508827.1
2022-08-06T11:00:00.000Z,2886,0.5162,1659783600,1585567.99668,3064394.2
2022-08-06T10:00:00.000Z,2385,0.5178,1659780000,1073045.61145,2070430.6
2022-08-06T09:00:00.000Z,3035,0.517,1659776400,1324663.7105,2564480.6
2022-08-06T08:00:00.000Z,4348,0.5169,1659772800,2227132.36192,4294168.4
2022-08-06T07:00:00.000Z,2612,0.5179,1659769200,944635.69699,1823817.3
2022-08-06T06:00:00.000Z,2746,0.5176,1659765600,1229188.23386,2373801
2022-08-06T05:00:00.000Z,4508,0.5197,1659762000,2384718.8046,4600544.6
2022-08-06T04:00:00.000Z,8937,0.5195,1659758400,3804460.97427,7319764.2
2022-08-06T03:00:00.000Z,2678,0.5159,1659754800,976836.19043,1891587.7
2022-08-06T02:00:00.000Z,2979,0.5165,1659751200,1320099.71704,2561396.9
2022-08-06T01:00:00.000Z,2702,0.5146,1659747600,1084864.44883,2103283.7
2022-08-06T00:00:00.000Z,4188,0.5162,1659744000,1695483.05739,3279657.7
2022-08-05T23:00:00.000Z,4773,0.5174,1659740400,2413399.62957,4673129
2022-08-05T22:00:00.000Z,5556,0.5169,1659736800,2638172.89888,5117455.4
2022-08-05T21:00:00.000Z,4751,0.5127,1659733200,1866426.51135,3634568.6
2022-08-05T20:00:00.000Z,3232,0.5122,1659729600,1392550.14383,2725362.9
2022-08-05T19:00:00.000Z,2766,0.5101,1659726000,1042328.68421,2047480.9
2022-08-05T18:00:00.000Z,3075,0.5078,1659722400,1174030.82387,2314213.4
2022-08-05T17:00:00.000Z,4410,0.5069,1659718800,1528506.91274,3005624.2
2022-08-05T16:00:00.000Z,4618,0.5089,1659715200,1887599.49758,3721748.7
2022-08-05T15:00:00.000Z,6230,0.5069,1659711600,2876210.93368,5663752.4
2022-08-05T14:00:00.000Z,9835,0.5106,1659708000,4499205.07721,8776740.4
2022-08-05T13:00:00.000Z,8457,0.5091,1659704400,3523989.5403,6947469.1
2022-08-05T12:00:00.000Z,16490,0.5078,1659700800,7139105.8148,13924063.6
2022-08-05T11:00:00.000Z,8853,0.5169,1659697200,3734887.42158,7250407.6
2022-08-05T10:00:00.000Z,3757,0.5122,1659693600,1552850.29899,3034766
2022-08-05T09:00:00.000Z,3278,0.5109,1659690000,1425136.20319,2791702.9
2022-08-05T08:00:00.000Z,3961,0.5098,1659686400,1781917.91634,3495132
2022-08-05T07:00:00.000Z,3685,0.5098,1659682800,1845427.83312,3615663.8
2022-08-05T06:00:00.000Z,6373,0.5116,1659679200,2690860.70121,5249886.8
2022-08-05T05:00:00.000Z,4662,0.5124,1659675600,2060143.3209,4044022
2022-08-05T04:00:00.000Z,4309,0.5096,1659672000,1603237.80435,3139579.9
2022-08-05T03:00:00.000Z,4471,0.5099,1659668400,1751402.4798,3434281.4
2022-08-05T02:00:00.000Z,7075,0.5099,1659664800,2824907.77919,5546396.9
2022-08-05T01:00:00.000Z,6108,0.5075,1659661200,2202290.13803,4368552.7
2022-08-05T00:00:00.000Z,4098,0.4995,1659657600,1835946.93407,3667883
2022-08-04T23:00:00.000Z,3498,0.4997,1659654000,1687539.19823,3381339.6
2022-08-04T22:00:00.000Z,4123,0.4978,1659650400,1781516.51154,3580679.2
2022-08-04T21:00:00.000Z,2736,0.4967,1659646800,895231.34854,1795223.6
2022-08-04T20:00:00.000Z,3387,0.4987,1659643200,1248019.65543,2505124.5
2022-08-04T19:00:00.000Z,5841,0.4976,1659639600,1808845.18274,3637252.7
2022-08-04T18:00:00.000Z,6271,0.4971,1659636000,2387838.67952,4801067.4
2022-08-04T17:00:00.000Z,5536,0.4979,1659632400,2181130.38684,4393849.1
2022-08-04T16:00:00.000Z,9334,0.4952,1659628800,3162436.74159,6349601.4
2022-08-04T15:00:00.000Z,5035,0.5015,1659625200,1662585.17053,3321698.7
2022-08-04T14:00:00.000Z,11452,0.5011,1659621600,4845711.18139,9701854.6
2022-08-04T13:00:00.000Z,8413,0.5039,1659618000,3044818.82404,6062989.1
2022-08-04T12:00:00.000Z,7710,0.4986,1659614400,3795040.58873,7611000.4
2022-08-04T11:00:00.000Z,4322,0.4997,1659610800,1827583.0332,3646927.4
2022-08-04T10:00:00.000Z,3980,0.5015,1659607200,1614245.15967,3215624.4
2022-08-04T09:00:00.000Z,4408,0.5012,1659603600,1800889.95094,3599270.4
2022-08-04T08:00:00.000Z,5947,0.4994,1659600000,2484633.28756,4958521.4
2022-08-04T07:00:00.000Z,4417,0.503,1659596400,1391560.84609,2760830
2022-08-04T06:00:00.000Z,11397,0.5037,1659592800,3759797.04585,7468818.1
2022-08-04T05:00:00.000Z,4387,0.5091,1659589200,1847356.52631,3630616.9
2022-08-04T04:00:00.000Z,3480,0.5091,1659585600,1241068.5848,2438727.9
2022-08-04T03:00:00.000Z,3668,0.5082,1659582000,1324117.73776,2609594.2
2022-08-04T02:00:00.000Z,3643,0.5089,1659578400,1410487.84696,2771241.9
2022-08-04T01:00:00.000Z,6185,0.5085,1659574800,2153611.61492,4234529.1
2022-08-04T00:00:00.000Z,5889,0.5061,1659571200,2223951.81957,4416572.2
2022-08-03T23:00:00.000Z,9452,0.5005,1659567600,3696722.23294,7390817
2022-08-03T22:00:00.000Z,8680,0.5023,1659564000,3550379.33125,7020321.6
2022-08-03T21:00:00.000Z,3833,0.5097,1659560400,1360997.148,2661979.6
2022-08-03T20:00:00.000Z,4994,0.5103,1659556800,1941022.22924,3793255.5
2022-08-03T19:00:00.000Z,5033,0.514,1659553200,2063676.79139,4013943.7
2022-08-03T18:00:00.000Z,4257,0.5137,1659549600,1583306.47924,3086250.7
2022-08-03T17:00:00.000Z,4738,0.5131,1659546000,2347038.98864,4571222.7
2022-08-03T16:00:00.000Z,7259,0.5122,1659542400,3036629.09825,5929701.5
2022-08-03T15:00:00.000Z,4815,0.5094,1659538800,1689334.92485,3318574.8
2022-08-03T14:00:00.000Z,7188,0.5072,1659535200,3220338.04231,6324180.5
2022-08-03T13:00:00.000Z,8785,0.5099,1659531600,4147071.07112,8144683.3
2022-08-03T12:00:00.000Z,14213,0.5081,1659528000,6725093.05141,13140894.6
2022-08-03T11:00:00.000Z,5755,0.5106,1659524400,2049537.87568,4012054.3
2022-08-03T10:00:00.000Z,5821,0.5113,1659520800,2394381.67364,4689425.6
2022-08-03T09:00:00.000Z,7103,0.51,1659517200,2902072.59463,5698555.9
2022-08-03T08:00:00.000Z,6053,0.5071,1659513600,2325137.5419,4593760.7
2022-08-03T07:00:00.000Z,4163,0.5034,1659510000,1455265.14766,2885610.3
2022-08-03T06:00:00.000Z,5343,0.5055,1659506400,2316608.05944,4583733.2
2022-08-03T05:00:00.000Z,6814,0.5039,1659502800,2679191.9168,5314087
2022-08-03T04:00:00.000Z,3666,0.5006,1659499200,1469837.59841,2934717.3
2022-08-03T03:00:00.000Z,5209,0.5012,1659495600,1860521.02078,3723638.4
2022-08-03T02:00:00.000Z,5212,0.4963,1659492000,1718476.90478,3458294.2
2022-08-03T01:00:00.000Z,7383,0.4989,1659488400,2363327.09603,4779659.8
2022-08-03T00:00:00.000Z,11340,0.4908,1659484800,4381834.32185,8894598.5
2022-08-02T23:00:00.000Z,8192,0.4963,1659481200,3336235.07152,6688504.3
2022-08-02T22:00:00.000Z,5201,0.5012,1659477600,2302988.65449,4595162.6
2022-08-02T21:00:00.000Z,5304,0.5011,1659474000,2059550.92816,4125501.4
2022-08-02T20:00:00.000Z,5408,0.5007,1659470400,2466528.59966,4936072.6
2022-08-02T19:00:00.000Z,7519,0.4993,1659466800,3086727.75098,6178711.2
2022-08-02T18:00:00.000Z,6256,0.4995,1659463200,2670336.34178,5306471.1
2022-08-02T17:00:00.000Z,10476,0.5039,1659459600,4509498.79752,8921342.3
2022-08-02T16:00:00.000Z,14448,0.5082,1659456000,6522356.01334,12887838.6
2022-08-02T15:00:00.000Z,13115,0.5008,1659452400,5436116.72127,10856235.2
2022-08-02T14:00:00.000Z,18330,0.502,1659448800,7124852.71379,14326118.5
2022-08-02T13:00:00.000Z,8368,0.496,1659445200,3381320.01389,6831845.6
2022-08-02T12:00:00.000Z,7025,0.493,1659441600,2974958.84511,6017541.9
2022-08-02T11:00:00.000Z,8663,0.4966,1659438000,4716726.18523,9487437
2022-08-02T10:00:00.000Z,7166,0.4957,1659434400,2764535.02057,5606572.2
2022-08-02T09:00:00.000Z,6576,0.4907,1659430800,2693113.40784,5488741.5
2022-08-02T08:00:00.000Z,4869,0.4914,1659427200,1856097.8836,3762818.6
2022-08-02T07:00:00.000Z,8392,0.4953,1659423600,3861952.12487,7840594.3
2022-08-02T06:00:00.000Z,5357,0.496,1659420000,1771587.40287,3576274
2022-08-02T05:00:00.000Z,5171,0.4936,1659416400,2101967.75783,4256314.2
2022-08-02T04:00:00.000Z,10909,0.493,1659412800,5585115.01847,11358377.2
2022-08-02T03:00:00.000Z,17561,0.4911,1659409200,7425372.26181,15051025.5
2022-08-02T02:00:00.000Z,13343,0.4993,1659405600,5480706.1574,10931216.1
2022-08-02T01:00:00.000Z,8956,0.5035,1659402000,3604133.68417,7097872.9
2022-08-02T00:00:00.000Z,7640,0.5085,1659398400,3409830.98788,6667414.6
2022-08-01T23:00:00.000Z,7057,0.5124,1659394800,3441253.73163,6718753.5
2022-08-01T22:00:00.000Z,6810,0.511,1659391200,3373742.49694,6636225.2
2022-08-01T21:00:00.000Z,3488,0.5086,1659387600,1327786.85963,2608523.3
2022-08-01T20:00:00.000Z,6013,0.5109,1659384000,2467884.95843,4862199.9
2022-08-01T19:00:00.000Z,6553,0.5061,1659380400,2801004.7352,5533935.1
2022-08-01T18:00:00.000Z,9391,0.5061,1659376800,4309223.55047,8568161.2
2022-08-01T17:00:00.000Z,16275,0.5022,1659373200,8100546.18423,16031889.3
2022-08-01T16:00:00.000Z,6843,0.513,1659369600,2655030.36426,5170137.8
2022-08-01T15:00:00.000Z,5280,0.5158,1659366000,2216366.20936,4297328.5
2022-08-01T14:00:00.000Z,12891,0.5178,1659362400,6200982.15583,12014264.4
2022-08-01T13:00:00.000Z,12412,0.5131,1659358800,5562911.53773,10942404
2022-08-01T12:00:00.000Z,6187,0.5092,1659355200,2724616.89401,5324315.6
2022-08-01T11:00:00.000Z,7905,0.5121,1659351600,3762577.31727,7378670.2
2022-08-01T10:00:00.000Z,11693,0.509,1659348000,5258856.96167,10261359
2022-08-01T09:00:00.000Z,3206,0.5182,1659344400,1551439.82456,2993651.7
2022-08-01T08:00:00.000Z,5004,0.5159,1659340800,2439679.51347,4708296.2
2022-08-01T07:00:00.000Z,5380,0.52,1659337200,2395621.1551,4636061.9
2022-08-01T06:00:00.000Z,5665,0.5174,1659333600,2809464.89738,5440438.4
2022-08-01T05:00:00.000Z,5255,0.5184,1659330000,2478955.29112,4767686.5
2022-08-01T04:00:00.000Z,3379,0.5229,1659326400,1431470.86727,2743290
2022-08-01T03:00:00.000Z,5163,0.5213,1659322800,2604100.44674,5003160.4
2022-08-01T02:00:00.000Z,5367,0.5227,1659319200,3043219.30721,5815871.2
2022-08-01T01:00:00.000Z,8441,0.524,1659315600,4691093.40532,8957924.4
2022-08-01T00:00:00.000Z,8551,0.5223,1659312000,3830444.24799,7383456
2022-07-31T23:00:00.000Z,11663,0.5161,1659308400,5260166.99067,10194209.3
2022-07-31T22:00:00.000Z,15667,0.5189,1659304800,7457977.79056,14322229.7
2022-07-31T21:00:00.000Z,6029,0.5271,1659301200,2680603.34684,5054280.6
2022-07-31T20:00:00.000Z,6371,0.5326,1659297600,2896028.05912,5439103
2022-07-31T19:00:00.000Z,13195,0.5331,1659294000,6861964.37495,12799589.4
2022-07-31T18:00:00.000Z,29366,0.5317,1659290400,12654814.80717,23764999.1
2022-07-31T17:00:00.000Z,8393,0.5357,1659286800,4101237.18291,7657339.7
2022-07-31T16:00:00.000Z,10244,0.5339,1659283200,5567279.25191,10467608.6
2022-07-31T15:00:00.000Z,5707,0.5304,1659279600,2305715.384,4355605.1
2022-07-31T14:00:00.000Z,7636,0.5278,1659276000,3786826.62387,7161374.3
2022-07-31T13:00:00.000Z,5993,0.5295,1659272400,2861801.87362,5399521.7
2022-07-31T12:00:00.000Z,5855,0.5317,1659268800,2843973.86229,5368864.5
2022-07-31T11:00:00.000Z,5475,0.5311,1659265200,2388383.91233,4499470.2
2022-07-31T10:00:00.000Z,6290,0.5325,1659261600,2502977.7288,4724375.7
2022-07-31T09:00:00.000Z,5119,0.5275,1659258000,2074804.337,3954946.2
2022-07-31T08:00:00.000Z,9708,0.5219,1659254400,4291239.03192,8179134.1
2022-07-31T07:00:00.000Z,6559,0.5283,1659250800,3135694.37453,5897190.4
2022-07-31T06:00:00.000Z,3557,0.5318,1659247200,1575498.39882,2968988.8
2022-07-31T05:00:00.000Z,4568,0.5286,1659243600,2039428.44758,3844385.2
2022-07-31T04:00:00.000Z,4975,0.5329,1659240000,2399467.29332,4513492.1
2022-07-31T03:00:00.000Z,5237,0.5279,1659236400,2549967.49394,4821071.1
2022-07-31T02:00:00.000Z,7136,0.5309,1659232800,3526552.41369,6640909.5
2022-07-31T01:00:00.000Z,6149,0.5294,1659229200,3123120.12099,5913998.5
2022-07-31T00:00:00.000Z,8573,0.5284,1659225600,3605583.66425,6840824.7
2022-07-30T23:00:00.000Z,6441,0.5263,1659222000,3152630.99772,6016122
2022-07-30T22:00:00.000Z,14435,0.5264,1659218400,6787604.26847,12956886.2
2022-07-30T21:00:00.000Z,6971,0.528,1659214800,2901199.0362,5482341.2
2022-07-30T20:00:00.000Z,12053,0.5324,1659211200,5596093.68447,10531559.3
2022-07-30T19:00:00.000Z,18572,0.5313,1659207600,7695156.90464,14360703.2
2022-07-30T18:00:00.000Z,595,0.5466,1659204000,302087.41686,553115.5
2022-07-30T17:00:00.000Z,12155,0.5456,1659200400,6294974.15335,11547195.4
2022-07-30T16:00:00.000Z,11875,0.5496,1659196800,6588158.91019,12039049.2
2022-07-30T15:00:00.000Z,10910,0.5464,1659193200,5514460.87902,10128359.6
2022-07-30T14:00:00.000Z,46800,0.5402,1659189600,19395585.72537,35519369.1
2022-07-30T13:00:00.000Z,23529,0.5399,1659186000,9983637.22791,18629832.8
2022-07-30T12:00:00.000Z,10800,0.5322,1659182400,5564770.21699,10491756.9
2022-07-30T11:00:00.000Z,9165,0.5279,1659178800,3986006.19967,7539057.7
2022-07-30T10:00:00.000Z,9890,0.5252,1659175200,4497580.0853,8586579.2
2022-07-30T09:00:00.000Z,5035,0.5291,1659171600,1899417.37461,3597488.1
2022-07-30T08:00:00.000Z,6548,0.5217,1659168000,3207746.41412,6139901.8
2022-07-30T07:00:00.000Z,3610,0.5214,1659164400,1897160.75627,3642005.9
2022-07-30T06:00:00.000Z,1761,0.5153,1659160800,896959.79898,1735207.5
2022-07-30T05:00:00.000Z,7695,0.5176,1659157200,5149635.47419,10002002.8
2022-07-30T04:00:00.000Z,16621,0.5118,1659153600,10380177.73684,20228150.5
2022-07-30T03:00:00.000Z,7265,0.5191,1659150000,3575583.28208,6892970.2
2022-07-30T02:00:00.000Z,10527,0.5205,1659146400,4758286.658,9165251.6
2022-07-30T01:00:00.000Z,16495,0.523,1659142800,6640132.61828,12770287.2
2022-07-30T00:00:00.000Z,10770,0.5234,1659139200,4159341.92042,7958934.5
2022-07-29T23:00:00.000Z,12892,0.5218,1659135600,4843115.36229,9159258.4
2022-07-29T22:00:00.000Z,14761,0.5317,1659132000,5370168.54434,10142367.8
2022-07-29T21:00:00.000Z,7912,0.5227,1659128400,2401476.59428,4593402.7
2022-07-29T20:00:00.000Z,9179,0.5277,1659124800,3525698.45929,6699275.8
2022-07-29T19:00:00.000Z,3419,0.5233,1659121200,1290952.95623,2458001
2022-07-29T18:00:00.000Z,6302,0.5237,1659117600,2858926.02056,5461911.3
2022-07-29T17:00:00.000Z,10017,0.5208,1659114000,3863474.47082,7443305.2
2022-07-29T16:00:00.000Z,18626,0.5227,1659110400,8417858.14197,16156430.4
2022-07-29T15:00:00.000Z,8045,0.5278,1659106800,3404159.45811,6426772.4
2022-07-29T14:00:00.000Z,18322,0.535,1659103200,8117581.80414,15271629.7
2022-07-29T13:00:00.000Z,8076,0.5183,1659099600,3684698.74649,7106345.1
2022-07-29T12:00:00.000Z,23348,0.5172,1659096000,10492669.49145,20184835.1
2022-07-29T11:00:00.000Z,26014,0.5261,1659092400,11991914.067,22532119.1
2022-07-29T10:00:00.000Z,22082,0.5423,1659088800,9828814.33075,18243008.6
2022-07-29T09:00:00.000Z,3621,0.5325,1659085200,1395276.84659,2632545.1
2022-07-29T08:00:00.000Z,14120,0.5299,1659081600,5927798.60005,11228306.2
2022-07-29T07:00:00.000Z,8970,0.5237,1659078000,3054686.64628,5809501.5
2022-07-29T06:00:00.000Z,9571,0.5343,1659074400,4734436.7685,8880477.7
2022-07-29T05:00:00.000Z,19490,0.5352,1659070800,8847934.57725,16655200.5
2022-07-29T04:00:00.000Z,7609,0.53,1659067200,3325900.1557,6277046.9
2022-07-29T03:00:00.000Z,6129,0.5217,1659063600,3051023.45174,5885147.6
2022-07-29T02:00:00.000Z,8220,0.5174,1659060000,3210034.71455,6168608.4
2022-07-29T01:00:00.000Z,9756,0.5147,1659056400,4653218.70293,8958068.4
2022-07-29T00:00:00.000Z,11697,0.5163,1659052800,6314719.78954,12350122.4
2022-07-28T23:00:00.000Z,3980,0.5125,1659049200,1816765.37308,3535978.3
2022-07-28T22:00:00.000Z,2308,0.5141,1659045600,1195448.19405,2321515.4
2022-07-28T21:00:00.000Z,3521,0.5207,1659042000,1684399.1047,3237374.7
2022-07-28T20:00:00.000Z,25125,0.5195,1659038400,12062361.77026,23242042.5
2022-07-28T19:00:00.000Z,7836,0.5117,1659034800,3582314.45577,7009112.4
2022-07-28T18:00:00.000Z,11552,0.5108,1659031200,6258032.72199,12242041.1
2022-07-28T17:00:00.000Z,8232,0.5149,1659027600,5420046.45395,10562750.6
2022-07-28T16:00:00.000Z,3114,0.5124,1659024000,1756877.6178,3433479.3
2022-07-28T15:00:00.000Z,26202,0.5121,1659020400,12878613.50208,25302508.6
2022-07-28T14:00:00.000Z,12818,0.5028,1659016800,6676482.15193,13404500.4
2022-07-28T13:00:00.000Z,21495,0.4944,1659013200,10336512.96323,20720001
2022-07-28T12:00:00.000Z,28194,0.4988,1659009600,12631979.18303,25452824.5
2022-07-28T11:00:00.000Z,6984,0.5024,1659006000,3371972.00923,6731669.3
2022-07-28T10:00:00.000Z,6549,0.4994,1659002400,2979285.65962,5962471.1
2022-07-28T09:00:00.000Z,9620,0.4984,1658998800,4880400.1592,9792779.9
2022-07-28T08:00:00.000Z,9560,0.5031,1658995200,4227738.48828,8439743.7
2022-07-28T07:00:00.000Z,13988,0.5002,1658991600,6075420.99886,12106140.6
2022-07-28T06:00:00.000Z,5178,0.507,1658988000,2481846.25627,4887775.9
2022-07-28T05:00:00.000Z,1750,0.5049,1658984400,635269.77222,1257054.2
2022-07-28T04:00:00.000Z,6004,0.506,1658980800,2498962.16337,4918771.5
2022-07-28T03:00:00.000Z,11776,0.5086,1658977200,5149369.74574,10056960.7
2022-07-28T02:00:00.000Z,18690,0.5155,1658973600,8438389.21507,16466808.3
2022-07-28T01:00:00.000Z,10177,0.504,1658970000,3704028.08164,7343997.7
2022-07-28T00:00:00.000Z,13557,0.5064,1658966400,6814708.3764,13416442.4
2022-07-27T23:00:00.000Z,8703,0.5111,1658962800,4112347.32802,8098920.2
2022-07-27T22:00:00.000Z,7008,0.5085,1658959200,3472309.44543,6853812.3
2022-07-27T21:00:00.000Z,7501,0.5028,1658955600,2468403.66119,4898560.4
2022-07-27T20:00:00.000Z,20175,0.5065,1658952000,8391416.51711,16553452
2022-07-27T19:00:00.000Z,31974,0.5037,1658948400,13500889.74708,27123031.1
2022-07-27T18:00:00.000Z,64409,0.4906,1658944800,26123162.85775,53827682.5
2022-07-27T17:00:00.000Z,11052,0.4676,1658941200,5277217.48806,11311798.8
2022-07-27T16:00:00.000Z,11995,0.4646,1658937600,6087301.89191,12937812.5
2022-07-27T15:00:00.000Z,14537,0.4701,1658934000,6128232.98558,13014696.4
2022-07-27T14:00:00.000Z,5347,0.4723,1658930400,2662443.30966,5625832.1
2022-07-27T13:00:00.000Z,9663,0.4751,1658926800,4467317.56179,9480158.3
2022-07-27T12:00:00.000Z,2663,0.4651,1658923200,1494216.22269,3219615.1
2022-07-27T11:00:00.000Z,4549,0.4635,1658919600,2089689.65726,4492926.7
2022-07-27T10:00:00.000Z,3946,0.4654,1658916000,2186206.8517,4695816.4
2022-07-27T09:00:00.000Z,4873,0.4655,1658912400,2620529.18701,5619795.5
2022-07-27T08:00:00.000Z,3680,0.4681,1658908800,1862253.06863,3967055.8
2022-07-27T07:00:00.000Z,7438,0.4696,1658905200,3698566.4732,7864752.6
2022-07-27T06:00:00.000Z,4270,0.4674,1658901600,2289217.2846,4901314.9
2022-07-27T05:00:00.000Z,7353,0.4691,1658898000,3132694.60034,6707238
2022-07-27T04:00:00.000Z,4299,0.462,1658894400,1870464.64365,4055362.8
2022-07-27T03:00:00.000Z,5877,0.4599,1658890800,3186158.10784,6909964.7
2022-07-27T02:00:00.000Z,3745,0.4641,1658887200,1802127.09037,3887287.6
2022-07-27T01:00:00.000Z,4391,0.4637,1658883600,2101073.78604,4513294
2022-07-27T00:00:00.000Z,9259,0.4657,1658880000,6038446.91159,12954472.4
2022-07-26T23:00:00.000Z,11087,0.4677,1658876400,5740086.64123,12333882.2
2022-07-26T22:00:00.000Z,8651,0.4647,1658872800,4146959.37912,8958838.1
2022-07-26T21:00:00.000Z,7493,0.4577,1658869200,2976300.33833,6474078.6
2022-07-26T20:00:00.000Z,8689,0.4585,1658865600,4191630.36636,9179971
2022-07-26T19:00:00.000Z,129,0.4542,1658862000,62218.09521,136857
2022-07-26T18:00:00.000Z,6460,0.4545,1658858400,2824427.82102,6196014.4
2022-07-26T17:00:00.000Z,7192,0.4562,1658854800,3520008.38096,7688200.7
2022-07-26T16:00:00.000Z,5908,0.4569,1658851200,2848091.90155,6274814.8
2022-07-26T15:00:00.000Z,6858,0.4512,1658847600,2802738.01064,6181028
2022-07-26T14:00:00.000Z,3393,0.4552,1658844000,1356349.27568,2971304.8
2022-07-26T13:00:00.000Z,13355,0.4551,1658840400,6429535.68717,14103028.6
2022-07-26T12:00:00.000Z,12100,0.4587,1658836800,5178229.60065,11189841.8
2022-07-26T11:00:00.000Z,5248,0.4667,1658833200,2239257.19938,4798226.5
2022-07-26T10:00:00.000Z,3140,0.468,1658829600,1500510.19979,3200775
2022-07-26T09:00:00.000Z,4577,0.4706,1658826000,2545220.57154,5406607.5
2022-07-26T08:00:00.000Z,4981,0.4688,1658822400,2482826.1523,5303625.2
2022-07-26T07:00:00.000Z,4106,0.4676,1658818800,1939477.87794,4138663.6
2022-07-26T06:00:00.000Z,1561,0.4694,1658815200,890318.31865,1891581.9
2022-07-26T05:00:00.000Z,5202,0.472,1658811600,2826085.6035,5996673.8
2022-07-26T04:00:00.000Z,8282,0.4717,1658808000,4352513.54146,9235455.7
2022-07-26T03:00:00.000Z,11793,0.4697,1658804400,6528666.37626,13973175.8
2022-07-26T02:00:00.000Z,6970,0.4685,1658800800,3187942.22129,6815161.5
2022-07-26T01:00:00.000Z,11276,0.4663,1658797200,5786918.54134,12394905.5
2022-07-26T00:00:00.000Z,24514,0.4656,1658793600,12499207.93089,26555860
2022-07-25T23:00:00.000Z,16989,0.4752,1658790000,7867000.60127,16371018.6
2022-07-25T22:00:00.000Z,11572,0.4882,1658786400,5837966.93257,11938907
2022-07-25T21:00:00.000Z,3476,0.4929,1658782800,1389847.75226,2811412
2022-07-25T20:00:00.000Z,13632,0.495,1658779200,6286219.3202,12736906.5
2022-07-25T19:00:00.000Z,11911,0.4819,1658775600,5282101.35386,10912646.7
2022-07-25T18:00:00.000Z,2677,0.4918,1658772000,1272414.97668,2590751.3
2022-07-25T17:00:00.000Z,4411,0.4898,1658768400,2130788.03161,4329380
2022-07-25T16:00:00.000Z,5864,0.4921,1658764800,2739971.72707,5572111.4
2022-07-25T15:00:00.000Z,5812,0.4913,1658761200,2872675.44401,5855910.8
2022-07-25T14:00:00.000Z,3416,0.4875,1658757600,1444537.6143,2948177
2022-07-25T13:00:00.000Z,13537,0.4929,1658754000,4572639.46041,9285341.7
2022-07-25T12:00:00.000Z,5837,0.4931,1658750400,2556998.90271,5203247.8
2022-07-25T11:00:00.000Z,5595,0.4918,1658746800,2422925.42209,4899299.4
2022-07-25T10:00:00.000Z,5068,0.4965,1658743200,1832286.36474,3692919.3
2022-07-25T09:00:00.000Z,5784,0.4953,1658739600,2798730.03832,5656741.4
2022-07-25T08:00:00.000Z,3364,0.4922,1658736000,1427913.2714,2890617.2
2022-07-25T07:00:00.000Z,4231,0.4953,1658732400,2380943.00957,4818961.9
2022-07-25T06:00:00.000Z,5383,0.4941,1658728800,2613253.25939,5283246.7
2022-07-25T05:00:00.000Z,6186,0.4959,1658725200,2625869.92665,5312391.5
2022-07-25T04:00:00.000Z,6725,0.495,1658721600,3309529.91853,6736723.1
2022-07-25T03:00:00.000Z,9030,0.4931,1658718000,4003956.11317,8125428
2022-07-25T02:00:00.000Z,12883,0.4936,1658714400,6182725.61931,12534042.6
2022-07-25T01:00:00.000Z,10573,0.4951,1658710800,4504445.85183,9058156.5
2022-07-25T00:00:00.000Z,22908,0.4994,1658707200,9780159.1257,19343970.6
2022-07-24T23:00:00.000Z,11860,0.512,1658703600,5172194.89013,10046336
2022-07-24T22:00:00.000Z,17247,0.5144,1658700000,8523756.73441,16367017.9
2022-07-24T21:00:00.000Z,7307,0.5224,1658696400,2655137.54262,5108825
2022-07-24T20:00:00.000Z,4479,0.5167,1658692800,1735999.4893,3359625.7
2022-07-24T19:00:00.000Z,2622,0.516,1658689200,1079771.24024,2087140.3
2022-07-24T18:00:00.000Z,3051,0.516,1658685600,1162017.22237,2244188
2022-07-24T17:00:00.000Z,7613,0.5192,1658682000,3589361.6429,6902324
2022-07-24T16:00:00.000Z,8772,0.5211,1658678400,4350471.45501,8306241.5
2022-07-24T15:00:00.000Z,8019,0.5277,1658674800,3800586.32445,7245176.8
2022-07-24T14:00:00.000Z,11671,0.5249,1658671200,6086939.11261,11608827.8
2022-07-24T13:00:00.000Z,3768,0.5249,1658667600,1681721.98772,3206078.2
2022-07-24T12:00:00.000Z,7474,0.526,1658664000,3243458.15525,6145110.8
2022-07-24T11:00:00.000Z,13293,0.5291,1658660400,6459629.39797,12140634.9
2022-07-24T10:00:00.000Z,4102,0.5273,1658656800,2137008.86941,4058142.5
2022-07-24T09:00:00.000Z,11185,0.5292,1658653200,4447651.10952,8480312.5
2022-07-24T08:00:00.000Z,6873,0.5162,1658649600,3168430.83102,6149116.7
2022-07-24T07:00:00.000Z,2617,0.5194,1658646000,1355502.72862,2605522.6
2022-07-24T06:00:00.000Z,7860,0.5181,1658642400,4429394.21809,8555035.4
2022-07-24T05:00:00.000Z,14978,0.5153,1658638800,7902819.83928,15257622.6
2022-07-24T04:00:00.000Z,6603,0.5147,1658635200,2721180.23612,5296862.1
2022-07-24T03:00:00.000Z,9507,0.5108,1658631600,3774427.41086,7374523.2
2022-07-24T02:00:00.000Z,12520,0.5137,1658628000,4850190.8539,9422890.1
2022-07-24T01:00:00.000Z,18601,0.5176,1658624400,6894224.56809,13245267.4
2022-07-24T00:00:00.000Z,17245,0.5175,1658620800,7346826.89654,14163183.5
2022-07-23T23:00:00.000Z,16171,0.517,1658617200,7251130.55589,14041757.2
2022-07-23T22:00:00.000Z,20174,0.5136,1658613600,9970048.5917,19508306.8
2022-07-23T21:00:00.000Z,23561,0.5071,1658610000,10094741.70741,20109741.6
2022-07-23T20:00:00.000Z,14522,0.4971,1658606400,7019036.17957,14369463.4
2022-07-23T19:00:00.000Z,7811,0.4816,1658602800,4202857.65762,8782500.3
2022-07-23T18:00:00.000Z,4266,0.4796,1658599200,2053088.20008,4284108
2022-07-23T17:00:00.000Z,8164,0.4787,1658595600,4016518.27929,8360098.5
2022-07-23T16:00:00.000Z,531,0.4835,1658592000,260362.0293,538535.6
2022-07-23T15:00:00.000Z,6525,0.4836,1658588400,2782732.74739,5762558.2
2022-07-23T14:00:00.000Z,5006,0.4808,1658584800,2209215.23374,4592307.5
2022-07-23T13:00:00.000Z,3919,0.4828,1658581200,1757359.75805,3650774.6
2022-07-23T12:00:00.000Z,8035,0.4798,1658577600,4034710.75096,8464150.3
2022-07-23T11:00:00.000Z,301,0.4823,1658574000,200742.21257,415623.7
2022-07-23T10:00:00.000Z,7246,0.483,1658570400,3483687.96296,7202585.9
2022-07-23T09:00:00.000Z,6590,0.4861,1658566800,3321263.47786,6846794.4
2022-07-23T08:00:00.000Z,7610,0.4841,1658563200,3604533.1004,7361643.6
2022-07-23T07:00:00.000Z,7695,0.4909,1658559600,3999549.53644,8122743.2
2022-07-23T06:00:00.000Z,9,0.4924,1658556000,3862.90327,7844.4
2022-07-23T05:00:00.000Z,3261,0.4938,1658552400,1610201.15453,3256596.6
2022-07-23T04:00:00.000Z,6155,0.4928,1658548800,2821864.18419,5741223.5
2022-07-23T03:00:00.000Z,4837,0.4881,1658545200,2260296.75747,4618659.7
2022-07-23T02:00:00.000Z,4520,0.4915,1658541600,2011980.76867,4089248.7
2022-07-23T01:00:00.000Z,4541,0.4904,1658538000,2204664.24006,4504848.9
2022-07-23T00:00:00.000Z,8150,0.4885,1658534400,3888093.30161,8023234.7
2022-07-22T23:00:00.000Z,3930,0.4828,1658530800,1702874.364,3521108.3
2022-07-22T22:00:00.000Z,5051,0.4854,1658527200,2282576.11181,4722581.9
2022-07-22T21:00:00.000Z,4276,0.4834,1658523600,2285608.04288,4747536
2022-07-22T20:00:00.000Z,8903,0.479,1658520000,4739470.10735,9891555.1
2022-07-22T19:00:00.000Z,16106,0.4799,1658516400,7497777.45891,15465869.6
2022-07-22T18:00:00.000Z,1807,0.4921,1658512800,918388.7116,1871955.1
2022-07-22T17:00:00.000Z,7274,0.4918,1658509200,3544887.87013,7210886.9
2022-07-22T16:00:00.000Z,4560,0.4934,1658505600,2118723.72862,4313723.4
2022-07-22T15:00:00.000Z,12046,0.4917,1658502000,7237197.0093,14628215.5
2022-07-22T14:00:00.000Z,6919,0.4994,1658498400,3791161.29689,7624299.6
2022-07-22T13:00:00.000Z,9868,0.5032,1658494800,6024708.28774,12007241.2
2022-07-22T12:00:00.000Z,7161,0.5047,1658491200,3658275.42038,7216346.1
2022-07-22T11:00:00.000Z,6365,0.5086,1658487600,3757092.97677,7408646.2
2022-07-22T10:00:00.000Z,3699,0.5075,1658484000,1878977.28521,3700352.2
2022-07-22T09:00:00.000Z,18672,0.5067,1658480400,9050008.55718,17850758.2
2022-07-22T08:00:00.000Z,4428,0.4989,1658476800,2210262.87277,4424998.5
2022-07-22T07:00:00.000Z,7392,0.4961,1658473200,3603685.839,7217319.3
2022-07-22T06:00:00.000Z,6550,0.5009,1658469600,3019174.43236,6045754.5
2022-07-22T05:00:00.000Z,6134,0.4987,1658466000,2609382.32663,5264124.1
2022-07-22T04:00:00.000Z,4881,0.4937,1658462400,1814756.91616,3683657.3
2022-07-22T03:00:00.000Z,4717,0.4928,1658458800,2463875.34733,4992942.8
2022-07-22T02:00:00.000Z,5907,0.4938,1658455200,2848388.81444,5757686.6
2022-07-22T01:00:00.000Z,5921,0.4962,1658451600,2744038.67877,5490951.9
2022-07-22T00:00:00.000Z,10045,0.5029,1658448000,5216996.71156,10392825.4
2022-07-21T23:00:00.000Z,6755,0.4993,1658444400,3527167.69163,7056718.8
2022-07-21T22:00:00.000Z,8545,0.4958,1658440800,5223340.10429,10535777.9
2022-07-21T21:00:00.000Z,4047,0.4995,1658437200,1660954.98624,3330615.7
2022-07-21T20:00:00.000Z,15384,0.4986,1658433600,8284099.6248,16585666.7
2022-07-21T19:00:00.000Z,8532,0.4971,1658430000,5006077.65963,10136539.9
2022-07-21T18:00:00.000Z,2090,0.4915,1658426400,929133.42002,1892106.7
2022-07-21T17:00:00.000Z,10031,0.4888,1658422800,5126318.82557,10420080.3
2022-07-21T16:00:00.000Z,18970,0.4946,1658419200,9581766.17124,19530569
2022-07-21T15:00:00.000Z,4941,0.4818,1658415600,2328889.26736,4832035
2022-07-21T14:00:00.000Z,7164,0.4777,1658412000,3512041.51187,7315043.3
2022-07-21T13:00:00.000Z,4824,0.4838,1658408400,2879038.98539,5952081.5
2022-07-21T12:00:00.000Z,8206,0.489,1658404800,5351534.71785,11004842.1
2022-07-21T11:00:00.000Z,11757,0.4837,1658401200,6755985.05358,14006203.2
2022-07-21T10:00:00.000Z,6873,0.4834,1658397600,3672312.0431,7509557.8
2022-07-21T09:00:00.000Z,7129,0.4917,1658394000,3746537.20772,7629492.5
2022-07-21T08:00:00.000Z,2555,0.4894,1658390400,1227862.6932,2503246.4
2022-07-21T07:00:00.000Z,11601,0.4904,1658386800,6651225.23853,13562753.8
2022-07-21T06:00:00.000Z,6009,0.4848,1658383200,3263682.80126,6710704.5
2022-07-21T05:00:00.000Z,8373,0.4868,1658379600,3583178.98788,7368342.6
2022-07-21T04:00:00.000Z,11767,0.4842,1658376000,5822501.54088,12105227
2022-07-21T03:00:00.000Z,13708,0.4796,1658372400,6783253.89894,14140333.9
2022-07-21T02:00:00.000Z,18729,0.4785,1658368800,8862672.43839,18279124.4
2022-07-21T01:00:00.000Z,9570,0.4918,1658365200,4313085.14229,8723999.2
2022-07-21T00:00:00.000Z,10515,0.4938,1658361600,4850745.91787,9863300.1
2022-07-20T23:00:00.000Z,10859,0.491,1658358000,5734774.51655,11684779.6
2022-07-20T22:00:00.000Z,8517,0.4928,1658354400,3850258.1942,7741503.1
2022-07-20T21:00:00.000Z,13426,0.5012,1658350800,5073511.32779,10178247.4
2022-07-20T20:00:00.000Z,38806,0.4933,1658347200,19164586.97015,38779651.6
2022-07-20T19:00:00.000Z,11689,0.5053,1658343600,5686573.5735,11208313.4
2022-07-20T18:00:00.000Z,5915,0.513,1658340000,3507951.62444,6891296.4
2022-07-20T17:00:00.000Z,6523,0.5085,1658336400,4330801.14545,8461177
2022-07-20T16:00:00.000Z,27012,0.5119,1658332800,13991446.42896,27153933
2022-07-20T15:00:00.000Z,3440,0.5248,1658329200,1611558.34087,3058828.4
2022-07-20T14:00:00.000Z,14397,0.529,1658325600,7290720.5117,13882647.9
2022-07-20T13:00:00.000Z,20899,0.5221,1658322000,10117214.89645,19151363.6
2022-07-20T12:00:00.000Z,18774,0.5252,1658318400,9651053.73736,18360276.7
2022-07-20T11:00:00.000Z,14761,0.527,1658314800,7833433.15348,14853217.4
2022-07-20T10:00:00.000Z,20983,0.5308,1658311200,10215739.57906,19152393.7
2022-07-20T09:00:00.000Z,13183,0.5299,1658307600,6861620.13431,13031145.8
2022-07-20T08:00:00.000Z,21053,0.5237,1658304000,10269795.85028,19429641
2022-07-20T07:00:00.000Z,33854,0.5301,1658300400,17857253.17495,33036296.8
2022-07-20T06:00:00.000Z,1873,0.5359,1658296800,940353.99785,1761038.8
2022-07-20T05:00:00.000Z,9114,0.5325,1658293200,4463342.01938,8409943.6
2022-07-20T04:00:00.000Z,15315,0.531,1658289600,7434906.96684,14065926.9
2022-07-20T03:00:00.000Z,10350,0.5259,1658286000,5041248.52691,9602541.8
2022-07-20T02:00:00.000Z,8493,0.5235,1658282400,4763272.06912,9081124.7
2022-07-20T01:00:00.000Z,23447,0.5257,1658278800,11030372.97421,21093283
2022-07-20T00:00:00.000Z,15812,0.511,1658275200,7596285.7701,14827265.1
2022-07-19T23:00:00.000Z,11827,0.5152,1658271600,6852465.09303,13281056.9
2022-07-19T22:00:00.000Z,9581,0.5163,1658268000,4599308.4048,8868522.1
2022-07-19T21:00:00.000Z,13439,0.5228,1658264400,5409149.82727,10348314.6
2022-07-19T20:00:00.000Z,27453,0.5202,1658260800,12502367.3971,24270833.9
2022-07-19T19:00:00.000Z,11813,0.505,1658257200,5450657.25061,10689891.3
2022-07-19T18:00:00.000Z,7068,0.5143,1658253600,3441561.13789,6757788.6
2022-07-19T17:00:00.000Z,9191,0.5081,1658250000,4477176.0101,8838742.4
2022-07-19T16:00:00.000Z,15900,0.5066,1658246400,7912190.41632,15661397
2022-07-19T15:00:00.000Z,20716,0.5006,1658242800,11158040.69941,22350799.7
2022-07-19T14:00:00.000Z,11466,0.5003,1658239200,6901375.10685,13800781.4
2022-07-19T13:00:00.000Z,32825,0.5035,1658235600,15105445.38458,30049155.8
2022-07-19T12:00:00.000Z,4960,0.4913,1658232000,3093544.16803,6307680.4
2022-07-19T11:00:00.000Z,13020,0.4886,1658228400,5809672.0868,11854819.8
2022-07-19T10:00:00.000Z,10382,0.4885,1658224800,4721504.81328,9733873.2
2022-07-19T09:00:00.000Z,4823,0.4824,1658221200,2173971.53317,4500899.3
2022-07-19T08:00:00.000Z,6233,0.4837,1658217600,3178184.80219,6608513.5
2022-07-19T07:00:00.000Z,4648,0.478,1658214000,2431047.77379,5056987
2022-07-19T06:00:00.000Z,7075,0.4816,1658210400,3848454.81719,7943332.8
2022-07-19T05:00:00.000Z,9654,0.4831,1658206800,5203540.63751,10770925.4
2022-07-19T04:00:00.000Z,11705,0.4809,1658203200,5994292.02388,12553644.2
2022-07-19T03:00:00.000Z,12130,0.4767,1658199600,6018497.53664,12479957.6
2022-07-19T02:00:00.000Z,11400,0.4814,1658196000,6567033.50948,13677622.1
2022-07-19T01:00:00.000Z,13607,0.4821,1658192400,5940243.79438,12243668.1
2022-07-19T00:00:00.000Z,43340,0.4888,1658188800,19429099.56752,39397516.7
2022-07-18T23:00:00.000Z,20337,0.4904,1658185200,9766743.38646,19976392.4
2022-07-18T22:00:00.000Z,9076,0.4819,1658181600,4873223.22169,10169465.9
2022-07-18T21:00:00.000Z,7745,0.4787,1658178000,4787265.69916,10027728
2022-07-18T20:00:00.000Z,8155,0.4746,1658174400,3810722.15009,8035248.7
2022-07-18T19:00:00.000Z,16182,0.4727,1658170800,7337496.11096,15569696.9
2022-07-18T18:00:00.000Z,9300,0.4774,1658167200,4811719.69172,10047004.7
2022-07-18T17:00:00.000Z,90,0.4896,1658163600,45827.92534,93632.1
2022-07-18T16:00:00.000Z,16217,0.4892,1658160000,8350195.0122,16971916.9
2022-07-18T15:00:00.000Z,16599,0.497,1658156400,8716864.02031,17657930.3
2022-07-18T14:00:00.000Z,14755,0.4903,1658152800,7841485.46572,16069551.4
2022-07-18T13:00:00.000Z,16677,0.4906,1658149200,9739024.46291,19795064.7
2022-07-18T12:00:00.000Z,17304,0.4912,1658145600,9409476.6468,19289732.3
2022-07-18T11:00:00.000Z,39217,0.4881,1658142000,18890529.98569,38434861.8
2022-07-18T10:00:00.000Z,886,0.4773,1658138400,600944.21025,1258400.9
2022-07-18T09:00:00.000Z,11965,0.4781,1658134800,6577204.46284,13786573
2022-07-18T08:00:00.000Z,13116,0.4734,1658131200,7783487.44947,16388259.3
2022-07-18T07:00:00.000Z,13078,0.4746,1658127600,7219451.47941,15235552.4
2022-07-18T06:00:00.000Z,18074,0.474,1658124000,10174278.19923,21493503.4
2022-07-18T05:00:00.000Z,21968,0.4716,1658120400,11004938.00134,23546589.2
2022-07-18T04:00:00.000Z,4509,0.4602,1658116800,2046237.91172,4463875
2022-07-18T03:00:00.000Z,6623,0.4587,1658113200,3212510.45249,6972969.7
2022-07-18T02:00:00.000Z,10626,0.461,1658109600,6155258.871,13436957.1
2022-07-18T01:00:00.000Z,8036,0.4549,1658106000,4273788.81278,9418969.2
2022-07-18T00:00:00.000Z,5577,0.4475,1658102400,2802215.89394,6241631.7
2022-07-17T23:00:00.000Z,5494,0.4478,1658098800,3010387.34379,6671319.5
2022-07-17T22:00:00.000Z,5837,0.4524,1658095200,3090723.42382,6872077.9
2022-07-17T21:00:00.000Z,3724,0.4497,1658091600,1691786.70147,3774496.1
2022-07-17T20:00:00.000Z,2930,0.4461,1658088000,1503439.32696,3369359.7
2022-07-17T19:00:00.000Z,3642,0.447,1658084400,2162620.99349,4841715.8
2022-07-17T18:00:00.000Z,4635,0.4463,1658080800,2189270.1262,4926134.4
2022-07-17T17:00:00.000Z,4102,0.4554,1658077200,1756000.02298,3885943.9
2022-07-17T16:00:00.000Z,3045,0.4475,1658073600,1716828.48454,3821475.9
2022-07-17T15:00:00.000Z,2524,0.4496,1658070000,1166952.48739,2584538.5
2022-07-17T14:00:00.000Z,5083,0.4514,1658066400,2935975.49253,6514820.7
2022-07-17T13:00:00.000Z,9222,0.4481,1658062800,4900973.18228,10915269.5
2022-07-17T12:00:00.000Z,3990,0.4513,1658059200,1787000.75383,3947762.3
2022-07-17T11:00:00.000Z,2864,0.4507,1658055600,1205383.44911,2659240.5
2022-07-17T10:00:00.000Z,5527,0.4532,1658052000,2621060.43423,5804689.3
2022-07-17T09:00:00.000Z,3693,0.4529,1658048400,1738534.75841,3813269.7
2022-07-17T08:00:00.000Z,5329,0.4557,1658044800,2680377.98899,5865675
2022-07-17T07:00:00.000Z,2780,0.4627,1658041200,1389212.6902,2993381.9
2022-07-17T06:00:00.000Z,3493,0.4603,1658037600,1984288.48086,4322286.3
2022-07-17T05:00:00.000Z,3916,0.4567,1658034000,2198525.54533,4807542.5
2022-07-17T04:00:00.000Z,2973,0.4546,1658030400,1566392.04092,3439714.6
2022-07-17T03:00:00.000Z,4254,0.4544,1658026800,1997096.5069,4389934.2
2022-07-17T02:00:00.000Z,3060,0.4511,1658023200,1727762.00573,3823171.2
2022-07-17T01:00:00.000Z,5833,0.4516,1658019600,2981382.96355,6600361.9
2022-07-17T00:00:00.000Z,8590,0.4546,1658016000,3889606.2784,8487847.1
2022-07-16T23:00:00.000Z,3375,0.4578,1658012400,2082956.14905,4556214.4
2022-07-16T22:00:00.000Z,5319,0.458,1658008800,3283496.3466,7191832.3
2022-07-16T21:00:00.000Z,5115,0.4556,1658005200,2480390.10923,5466446.7
2022-07-16T20:00:00.000Z,6922,0.4531,1658001600,3604773.85409,8017607.1
2022-07-16T19:00:00.000Z,5439,0.4505,1657998000,3053299.01976,6750374
2022-07-16T18:00:00.000Z,2361,0.4516,1657994400,1197413.28067,2645895.7
2022-07-16T17:00:00.000Z,7515,0.4556,1657990800,3681250.76805,8057308.6
2022-07-16T16:00:00.000Z,26266,0.4546,1657987200,12161934.70438,26922046.5
2022-07-16T15:00:00.000Z,2486,0.444,1657983600,1090935.4305,2463322
2022-07-16T14:00:00.000Z,2780,0.4398,1657980000,1321138.8482,3001448.7
2022-07-16T13:00:00.000Z,243,0.4376,1657976400,116653.28867,266573.9
2022-07-16T12:00:00.000Z,4080,0.4374,1657972800,1771091.81385,4060420
2022-07-16T11:00:00.000Z,1992,0.4349,1657969200,798171.99947,1831543.4
2022-07-16T10:00:00.000Z,2251,0.4358,1657965600,1106858.70699,2540178.7
2022-07-16T09:00:00.000Z,1391,0.4353,1657962000,603281.91812,1387493.3
2022-07-16T08:00:00.000Z,2564,0.4343,1657958400,1256568.70586,2892375.1
2022-07-16T07:00:00.000Z,1465,0.4348,1657954800,581178.27955,1338406.6
2022-07-16T06:00:00.000Z,4570,0.4344,1657951200,2363094.83763,5431979.4
2022-07-16T05:00:00.000Z,3173,0.4367,1657947600,1680277.9309,3828720.1
2022-07-16T04:00:00.000Z,2805,0.44,1657944000,1490550.70524,3397559.8
2022-07-16T03:00:00.000Z,2697,0.4381,1657940400,1522889.917,3472780.5
2022-07-16T02:00:00.000Z,2589,0.4377,1657936800,1057228.58583,2418386.7
2022-07-16T01:00:00.000Z,2998,0.4386,1657933200,1278549.17566,2921515.4
2022-07-16T00:00:00.000Z,5662,0.4362,1657929600,3376258.38894,7693471.3
2022-07-15T23:00:00.000Z,4116,0.4421,1657926000,2105044.09126,4763161.3
2022-07-15T22:00:00.000Z,2941,0.4447,1657922400,1546738.17102,3482470
2022-07-15T21:00:00.000Z,4275,0.4459,1657918800,2115334.50668,4758924.4
2022-07-15T20:00:00.000Z,15399,0.4455,1657915200,7604716.55975,16940549.3
2022-07-15T19:00:00.000Z,8469,0.4477,1657911600,4316241.61311,9688515.1
2022-07-15T18:00:00.000Z,5931,0.4442,1657908000,2925105.25211,6634580.8
2022-07-15T17:00:00.000Z,5068,0.4361,1657904400,2389474.41087,5461414.4
2022-07-15T16:00:00.000Z,6258,0.4341,1657900800,3300774.83252,7588758.4
2022-07-15T15:00:00.000Z,3814,0.4373,1657897200,2065938.07354,4701141.1
2022-07-15T14:00:00.000Z,5714,0.4394,1657893600,3045369.24648,6905426.6
2022-07-15T13:00:00.000Z,7760,0.4403,1657890000,3741872.84251,8475875.6
2022-07-15T12:00:00.000Z,6719,0.4404,1657886400,3991873.68004,9117153.8
2022-07-15T11:00:00.000Z,3103,0.4396,1657882800,1810009.97312,4118877.8
2022-07-15T10:00:00.000Z,2270,0.4406,1657879200,1225305.50191,2781837.6
2022-07-15T09:00:00.000Z,5083,0.4418,1657875600,3884067.32634,8761427.4
2022-07-15T08:00:00.000Z,3886,0.4417,1657872000,2551268.71736,5763730.9
2022-07-15T07:00:00.000Z,5914,0.4429,1657868400,4055731.01663,9176570.4
2022-07-15T06:00:00.000Z,3676,0.4397,1657864800,2322192.17775,5263206.5
2022-07-15T05:00:00.000Z,4056,0.4436,1657861200,2255646.34718,5110608.3
2022-07-15T04:00:00.000Z,5126,0.4415,1657857600,3277564.12772,7405135.7
2022-07-15T03:00:00.000Z,3882,0.4425,1657854000,2262103.19122,5133663.8
2022-07-15T02:00:00.000Z,9751,0.4401,1657850400,5517291.45358,12433333.6
2022-07-15T01:00:00.000Z,7469,0.4475,1657846800,3742928.34265,8445424.6
2022-07-15T00:00:00.000Z,6262,0.438,1657843200,3601632.66809,8194749.3
2022-07-14T23:00:00.000Z,3292,0.4416,1657839600,1709420.1948,3879746.7
2022-07-14T22:00:00.000Z,3225,0.4383,1657836000,1782935.0838,4073024.4
2022-07-14T21:00:00.000Z,3710,0.4377,1657832400,1595310.4831,3633647.9
2022-07-14T20:00:00.000Z,5700,0.4412,1657828800,3421349.93752,7774779.1
2022-07-14T19:00:00.000Z,9357,0.4399,1657825200,5637993.0292,12749093.6
2022-07-14T18:00:00.000Z,11463,0.4423,1657821600,6299291.59181,14224692.4
2022-07-14T17:00:00.000Z,16430,0.4409,1657818000,8231957.75206,18832554.6
2022-07-14T16:00:00.000Z,3251,0.4318,1657814400,1775877.5111,4108613.3
2022-07-14T15:00:00.000Z,6962,0.4296,1657810800,3952045.20482,9243109.7
2022-07-14T14:00:00.000Z,6513,0.4232,1657807200,3573026.74148,8498962.8
2022-07-14T13:00:00.000Z,7669,0.4194,1657803600,4137113.45422,9858879.2
2022-07-14T12:00:00.000Z,2649,0.4189,1657800000,1358927.86749,3235174.7
2022-07-14T11:00:00.000Z,5498,0.4199,1657796400,2849917.61046,6780336.5
2022-07-14T10:00:00.000Z,4135,0.4225,1657792800,2108053.17949,4986897.4
2022-07-14T09:00:00.000Z,5352,0.4203,1657789200,2809441.19547,6686006.6
2022-07-14T08:00:00.000Z,1293,0.4275,1657785600,553374.19751,1295748.6
2022-07-14T07:00:00.000Z,4555,0.4273,1657782000,2267761.46739,5301129.9
2022-07-14T06:00:00.000Z,5855,0.4289,1657778400,3382765.68861,7891507.3
2022-07-14T05:00:00.000Z,4870,0.4309,1657774800,2648222.54239,6134348
2022-07-14T04:00:00.000Z,4239,0.4308,1657771200,2616204.23539,6039721.9
2022-07-14T03:00:00.000Z,3334,0.4346,1657767600,2192252.48866,5041176.6
2022-07-14T02:00:00.000Z,3479,0.4332,1657764000,1779167.2504,4097302.9
2022-07-14T01:00:00.000Z,5690,0.4354,1657760400,3793178.56378,8705900.4
2022-07-14T00:00:00.000Z,8050,0.435,1657756800,4792059.07784,10986544.1
2022-07-13T23:00:00.000Z,19249,0.4383,1657753200,10427287.46916,23947254
2022-07-13T22:00:00.000Z,6106,0.4263,1657749600,2877543.46111,6747460.4
2022-07-13T21:00:00.000Z,3581,0.4246,1657746000,1939003.81721,4589755.9
2022-07-13T20:00:00.000Z,3424,0.4206,1657742400,1901014.07201,4511496
2022-07-13T19:00:00.000Z,4067,0.4212,1657738800,2284799.65411,5405805
2022-07-13T18:00:00.000Z,6167,0.4245,1657735200,4146883.03791,9773129.5
2022-07-13T17:00:00.000Z,11348,0.4259,1657731600,5826886.49389,13721258.7
2022-07-13T16:00:00.000Z,7148,0.4206,1657728000,3853090.59175,9238546.1
2022-07-13T15:00:00.000Z,8610,0.4168,1657724400,4199729.60951,9997901.9
2022-07-13T14:00:00.000Z,17952,0.4214,1657720800,9462551.4086,22702498.2
2022-07-13T13:00:00.000Z,19199,0.4113,1657717200,10369504.6271,25351099.7
2022-07-13T12:00:00.000Z,49418,0.4095,1657713600,22925977.22961,54997015.1
2022-07-13T11:00:00.000Z,4113,0.4288,1657710000,2262429.16403,5285699.1
2022-07-13T10:00:00.000Z,3347,0.4285,1657706400,1527353.43589,3564252
2022-07-13T09:00:00.000Z,2127,0.4304,1657702800,1074625.23493,2492899
2022-07-13T08:00:00.000Z,4763,0.4304,1657699200,2631663.36438,6143211.5
2022-07-13T07:00:00.000Z,1659,0.4236,1657695600,593293.27857,1398027.9
2022-07-13T06:00:00.000Z,1600,0.4227,1657692000,763935.28129,1803882
2022-07-13T05:00:00.000Z,8400,0.4237,1657688400,4552753.76911,10731426.6
2022-07-13T04:00:00.000Z,2428,0.4204,1657684800,959015.67112,2278989.8
2022-07-13T03:00:00.000Z,2817,0.4201,1657681200,1209008.67024,2869196.2
2022-07-13T02:00:00.000Z,3640,0.4222,1657677600,1520405.58447,3606838.6
2022-07-13T01:00:00.000Z,3640,0.4187,1657674000,1455336.72099,3471252.7
2022-07-13T00:00:00.000Z,6562,0.4193,1657670400,2862227.3872,6842351.3
2022-07-12T23:00:00.000Z,9096,0.4171,1657666800,4046036.8619,9647289.7
2022-07-12T22:00:00.000Z,6435,0.4228,1657663200,3231941.7151,7646997.6
2022-07-12T21:00:00.000Z,4824,0.4226,1657659600,2009572.17367,4717258.1
2022-07-12T20:00:00.000Z,3833,0.4287,1657656000,1807625.85991,4226618.4
2022-07-12T19:00:00.000Z,10369,0.4265,1657652400,5306327.48449,12426856.9
2022-07-12T18:00:00.000Z,2536,0.4317,1657648800,1155802.2317,2669455.5
2022-07-12T17:00:00.000Z,2965,0.4344,1657645200,1211774.15315,2788831.1
2022-07-12T16:00:00.000Z,4158,0.4362,1657641600,1891451.42042,4342970.8
2022-07-12T15:00:00.000Z,5227,0.4341,1657638000,2317633.24391,5331372.8
2022-07-12T14:00:00.000Z,7358,0.4331,1657634400,3180146.58078,7381475
2022-07-12T13:00:00.000Z,6926,0.4308,1657630800,3351954.6779,7740378.7
2022-07-12T12:00:00.000Z,4840,0.4321,1657627200,2198060.49404,5075244.2
2022-07-12T11:00:00.000Z,3540,0.4324,1657623600,1702071.75532,3945979
2022-07-12T10:00:00.000Z,4082,0.4293,1657620000,1788616.44846,4169486.9
2022-07-12T09:00:00.000Z,7118,0.4267,1657616400,3007513.58541,7017646.6
2022-07-12T08:00:00.000Z,2773,0.4304,1657612800,1392311.92224,3227592.3
2022-07-12T07:00:00.000Z,8280,0.4301,1657609200,3368639.4757,7809783.5
2022-07-12T06:00:00.000Z,1757,0.4369,1657605600,930502.89049,2130973.3
2022-07-12T05:00:00.000Z,3011,0.4374,1657602000,1333081.75322,3034742.1
2022-07-12T04:00:00.000Z,2892,0.4392,1657598400,1114279.78747,2537554.3
2022-07-12T03:00:00.000Z,5290,0.4377,1657594800,2318253.38209,5287319.5
2022-07-12T02:00:00.000Z,5883,0.4409,1657591200,2476890.24966,5637424.8
2022-07-12T01:00:00.000Z,4388,0.4379,1657587600,1951461.11492,4463927.9
2022-07-12T00:00:00.000Z,6883,0.436,1657584000,3652493.31166,8386093.1
2022-07-11T23:00:00.000Z,12055,0.4347,1657580400,4667193.6947,10738987
2022-07-11T22:00:00.000Z,15046,0.4373,1657576800,6420961.12415,14663624.8
2022-07-11T21:00:00.000Z,5698,0.4431,1657573200,2500296.34051,5629083.9
2022-07-11T20:00:00.000Z,3957,0.4474,1657569600,1790009.89264,4013721.9
2022-07-11T19:00:00.000Z,4217,0.4467,1657566000,1623042.69004,3642747.2
2022-07-11T18:00:00.000Z,1697,0.4475,1657562400,807374.06224,1804553.5
2022-07-11T17:00:00.000Z,3205,0.4489,1657558800,1335987.90999,2986110.5
2022-07-11T16:00:00.000Z,5225,0.4448,1657555200,2287829.65276,5129106.7
2022-07-11T15:00:00.000Z,5120,0.4463,1657551600,1757060.45145,3944256.6
2022-07-11T14:00:00.000Z,9441,0.4446,1657548000,3911851.42603,8818574.3
2022-07-11T13:00:00.000Z,25159,0.4421,1657544400,12378028.88493,27789082.8
2022-07-11T12:00:00.000Z,11353,0.4506,1657540800,5490974.59884,12203278.7
2022-07-11T11:00:00.000Z,2777,0.4527,1657537200,1256799.59346,2766790.4
2022-07-11T10:00:00.000Z,2851,0.4549,1657533600,1243843.64298,2728464.3
2022-07-11T09:00:00.000Z,4122,0.4562,1657530000,1779636.26833,3903827.5
2022-07-11T08:00:00.000Z,3723,0.4546,1657526400,1675592.01117,3692964.7
2022-07-11T07:00:00.000Z,3687,0.4527,1657522800,1612676.64352,3572265.6
2022-07-11T06:00:00.000Z,4247,0.4491,1657519200,1975633.25383,4392288.9
2022-07-11T05:00:00.000Z,3624,0.4518,1657515600,1337247.94451,2952594.5
2022-07-11T04:00:00.000Z,3442,0.453,1657512000,1603534.36872,3548459.1
2022-07-11T03:00:00.000Z,15630,0.4532,1657508400,6001836.4053,13312042.6
2022-07-11T02:00:00.000Z,7482,0.4526,1657504800,3140476.20084,6888386.9
2022-07-11T01:00:00.000Z,3978,0.458,1657501200,1937792.63609,4223056.9
2022-07-11T00:00:00.000Z,4554,0.4625,1657497600,2431166.50871,5281073.5
2022-07-10T23:00:00.000Z,2612,0.4624,1657494000,1970703.1207,4259425.7
2022-07-10T22:00:00.000Z,5044,0.4641,1657490400,3324612.47227,7180115.2
2022-07-10T21:00:00.000Z,3378,0.4664,1657486800,1784365.71017,3817136.6
2022-07-10T20:00:00.000Z,4478,0.4668,1657483200,2517636.39986,5414227.9
2022-07-10T19:00:00.000Z,2878,0.4635,1657479600,1468154.98304,3180432.8
2022-07-10T18:00:00.000Z,2321,0.4605,1657476000,1210129.61218,2631262.6
2022-07-10T17:00:00.000Z,2811,0.4611,1657472400,1358602.02849,2951112.3
2022-07-10T16:00:00.000Z,7136,0.4603,1657468800,3627502.315,7915506.1
2022-07-10T15:00:00.000Z,4821,0.4584,1657465200,2448247.10582,5342471.2
2022-07-10T14:00:00.000Z,5183,0.4627,1657461600,2776163.67367,5987920.5
2022-07-10T13:00:00.000Z,4668,0.467,1657458000,2560477.42537,5478833.3
2022-07-10T12:00:00.000Z,2026,0.4701,1657454400,936979.30621,1995165.4
2022-07-10T11:00:00.000Z,4003,0.4689,1657450800,1510470.64034,3226129.1
2022-07-10T10:00:00.000Z,2544,0.47,1657447200,1042519.55369,2215216.2
2022-07-10T09:00:00.000Z,2076,0.4713,1657443600,955263.63221,2027421.6
2022-07-10T08:00:00.000Z,1319,0.4737,1657440000,651227.84201,1376788.9
2022-07-10T07:00:00.000Z,1762,0.4723,1657436400,832009.34668,1763037.2
2022-07-10T06:00:00.000Z,1243,0.4718,1657432800,476670.32944,1011916.6
2022-07-10T05:00:00.000Z,2517,0.4718,1657429200,1115659.7009,2368510.8
2022-07-10T04:00:00.000Z,5546,0.4704,1657425600,2281361.76771,4861580.6
2022-07-10T03:00:00.000Z,3778,0.4705,1657422000,1823260.06594,3872116.2
2022-07-10T02:00:00.000Z,9886,0.4721,1657418400,4463688.3147,9462042.9
2022-07-10T01:00:00.000Z,4578,0.4752,1657414800,1893967.03885,3990724.3
2022-07-10T00:00:00.000Z,6215,0.4747,1657411200,2862648.11763,6006636.5
2022-07-09T23:00:00.000Z,2850,0.478,1657407600,949879.80409,1982706.3
2022-07-09T22:00:00.000Z,3640,0.4804,1657404000,1747632.55699,3631889.9
2022-07-09T21:00:00.000Z,2892,0.4814,1657400400,1103684.73342,2291614.1
2022-07-09T20:00:00.000Z,2303,0.4813,1657396800,783210.42689,1628845.9
2022-07-09T19:00:00.000Z,4194,0.481,1657393200,1732290.12124,3606195.7
2022-07-09T18:00:00.000Z,2766,0.4814,1657389600,968484.88847,2013364.8
2022-07-09T17:00:00.000Z,548,0.4815,1657386000,167524.73901,348118.8
2022-07-09T16:00:00.000Z,4432,0.4818,1657382400,1478956.47081,3077521.4
2022-07-09T15:00:00.000Z,1880,0.4786,1657378800,694299.05422,1448684.7
2022-07-09T14:00:00.000Z,4622,0.4803,1657375200,1737387.71572,3622674.6
2022-07-09T13:00:00.000Z,3649,0.4772,1657371600,1773023.36007,3715142.8
2022-07-09T12:00:00.000Z,6847,0.4774,1657368000,3067649.21771,6439470.3
2022-07-09T11:00:00.000Z,7075,0.4766,1657364400,3445032.67476,7169717.9
2022-07-09T10:00:00.000Z,5107,0.4835,1657360800,2047036.34729,4268104
2022-07-09T09:00:00.000Z,3705,0.4788,1657357200,1635867.35034,3414792.1
2022-07-09T08:00:00.000Z,3118,0.4796,1657353600,1404436.29158,2930738.6
2022-07-09T07:00:00.000Z,5145,0.481,1657350000,2379034.68444,4926008.5
2022-07-09T06:00:00.000Z,3944,0.483,1657346400,1512319.04412,3146542.5
2022-07-09T05:00:00.000Z,3203,0.4765,1657342800,1277246.33578,2679096.2
2022-07-09T04:00:00.000Z,3979,0.4751,1657339200,1653099.6674,3491495.3
2022-07-09T03:00:00.000Z,3378,0.4726,1657335600,1392881.08213,2954660.1
2022-07-09T02:00:00.000Z,4709,0.4713,1657332000,1670242.57869,3550074.2
2022-07-09T01:00:00.000Z,4460,0.468,1657328400,1592612.61761,3403919.5
2022-07-09T00:00:00.000Z,6409,0.4663,1657324800,2865889.63446,6128819.5
2022-07-08T23:00:00.000Z,5180,0.4661,1657321200,2167924.42335,4623948.9
2022-07-08T22:00:00.000Z,4045,0.4699,1657317600,1582332.53901,3366391
2022-07-08T21:00:00.000Z,6072,0.4679,1657314000,2129527.36701,4520585.3
2022-07-08T20:00:00.000Z,5044,0.4704,1657310400,2003708.18227,4268122.5
2022-07-08T19:00:00.000Z,5068,0.4676,1657306800,1786219.37223,3820858.1
2022-07-08T18:00:00.000Z,2273,0.4675,1657303200,745581.5637,1597655.5
2022-07-08T17:00:00.000Z,3447,0.4661,1657299600,1172627.19557,2514230.5
2022-07-08T16:00:00.000Z,2884,0.4664,1657296000,1052529.93024,2248703.1
2022-07-08T15:00:00.000Z,12571,0.4709,1657292400,5603814.93737,11926799.8
2022-07-08T14:00:00.000Z,10334,0.4679,1657288800,4686719.15325,10052352.6
2022-07-08T13:00:00.000Z,9511,0.4617,1657285200,4159436.07968,8958274.7
2022-07-08T12:00:00.000Z,2459,0.4711,1657281600,1264383.8498,2687604.2
2022-07-08T11:00:00.000Z,2843,0.4684,1657278000,1191243.30172,2546407.3
2022-07-08T10:00:00.000Z,8688,0.4701,1657274400,4322033.10029,9202264.9
